latitude,longitude,booking_time,pickup_time,status,app,test
0,0,2012-11-22 22:13,2012-11-23 03:12,complete,false,true
0,0,2012-11-25 11:01,2012-11-27 04:00,complete,false,true
0,0,2012-11-25 11:07,2012-11-26 16:06,cancelled,false,true
0,0,2012-11-25 11:55,2012-11-27 02:00,cancelled,false,true
0,0,2012-11-25 12:11,2012-11-26 18:00,cancelled,false,true
0,0,2012-11-25 12:14,2012-11-26 16:00,cancelled,false,true
0,0,2012-11-26 10:32,2012-11-26 16:00,complete,false,true
0,0,2012-11-26 16:21,2012-11-27 02:00,complete,false,true
0,0,2012-11-26 16:23,2012-11-27 02:00,cancelled,false,true
0,0,2012-11-26 16:24,2012-11-27 02:00,cancelled,false,true
0,0,2012-11-26 16:54,2012-11-27 04:00,cancelled,false,true
0,0,2012-11-27 14:03,2012-11-27 19:40,complete,false,true
0,0,2012-11-27 14:15,2012-11-27 19:35,cancelled,false,true
0,0,2012-11-27 15:33,2012-11-28 20:32,cancelled,false,true
0,0,2012-11-28 09:04,2012-11-28 14:30,complete,false,true
0,0,2012-11-28 09:06,2012-11-28 14:30,cancelled,false,true
0,0,2012-11-28 09:03,2012-11-28 14:30,cancelled,false,true
0,0,2012-11-28 09:15,2012-11-28 15:15,cancelled,false,true
0,0,2012-12-04 14:20,2012-12-04 20:15,complete,false,true
0,0,2012-12-05 10:31,2012-12-05 15:45,cancelled,false,true
0,0,2012-12-05 11:21,2012-12-05 16:30,complete,false,true
0,0,2012-12-05 14:40,2012-12-30 19:38,complete,false,false
0,0,2012-12-05 14:40,2012-12-30 19:38,cancelled,false,false
0,0,2012-12-05 15:48,2012-12-30 20:44,complete,false,false
0,0,2012-12-14 16:19,2012-12-14 21:18,complete,false,true
0,0,2012-12-14 16:19,2012-12-14 21:18,complete,false,true
0,0,2012-12-14 16:19,2012-12-14 21:18,complete,false,true
0,0,2012-12-14 16:20,2012-12-14 21:18,cancelled,false,true
0,0,2012-12-17 15:59,2012-12-17 20:57,complete,false,false
0,0,2012-12-18 09:11,2012-12-18 14:09,cancelled,false,false
0,0,2012-12-18 09:25,2012-12-18 14:25,cancelled,false,false
0,0,2012-12-18 12:35,2012-12-18 17:33,complete,false,true
0,0,2012-12-19 17:40,2012-12-21 04:00,cancelled,false,true
0,0,2012-12-19 21:50,2012-12-20 02:35,cancelled,false,true
0,0,2012-12-19 22:06,2012-12-20 03:05,complete,false,true
0,0,2012-12-20 12:12,2012-12-29 17:30,cancelled,false,false
0,0,2012-12-20 13:10,2012-12-20 18:08,cancelled,false,false
0,0,2012-12-20 17:18,2012-12-20 22:16,complete,false,false
0,0,2012-12-20 18:32,2012-12-20 23:45,complete,false,false
0,0,2012-12-20 21:22,2012-12-22 02:00,cancelled,false,true
0,0,2012-12-20 22:32,2012-12-21 13:30,complete,false,false
0,0,2012-12-21 09:44,2012-12-21 15:15,complete,false,false
0,0,2012-12-21 11:00,2012-12-22 09:30,complete,false,false
0,0,2012-12-21 17:03,2012-12-21 23:00,complete,false,false
0,0,2012-12-21 17:04,2012-12-21 23:00,complete,false,false
0,0,2012-12-21 17:51,2012-12-21 23:15,complete,false,false
0,0,2012-12-21 17:31,2012-12-21 22:30,complete,false,false
0,0,2012-12-22 01:21,2012-12-22 11:00,complete,false,false
0,0,2012-12-22 08:32,2012-12-22 13:32,complete,false,true
0,0,2012-12-22 16:39,2012-12-22 21:37,cancelled,false,false
0,0,2012-12-22 16:39,2012-12-22 21:39,cancelled,false,false
0,0,2012-12-23 13:12,2012-12-23 23:00,complete,false,false
0,0,2012-12-23 13:35,2012-12-29 21:00,complete,false,false
0,0,2012-12-24 21:03,2012-12-25 11:30,complete,false,false
0,0,2012-12-26 18:01,2012-12-27 01:45,complete,false,false
0,0,2012-12-26 23:11,2012-12-26 06:00,complete,false,false
0,0,2012-12-27 00:13,2012-12-29 02:00,complete,false,false
0,0,2012-12-27 04:17,2012-12-27 09:16,cancelled,false,false
0,0,2012-12-27 14:02,2012-12-27 19:45,complete,false,false
0,0,2012-12-27 19:43,2012-12-29 14:00,cancelled,false,false
0,0,2012-12-27 19:52,2012-12-29 14:00,complete,false,false
0,0,2012-12-28 22:35,2012-12-29 05:45,complete,false,false
0,0,2012-12-28 22:58,2012-12-29 04:00,complete,false,false
0,0,2012-12-28 23:18,2012-12-29 04:17,complete,false,false
0,0,2012-12-29 00:35,2012-12-29 05:45,complete,false,false
0,0,2012-12-29 19:46,2012-12-30 00:45,complete,false,true
0,0,2012-12-29 21:00,2012-12-30 12:00,complete,false,false
0,0,2012-12-30 02:58,2012-12-30 20:00,complete,false,false
0,0,2012-12-30 09:22,2012-12-30 14:40,complete,false,false
0,0,2012-12-30 12:41,2013-01-01 03:00,cancelled,false,false
0,0,2012-12-30 12:42,2013-01-01 08:00,complete,false,false
0,0,2012-12-30 16:39,2013-01-01 03:45,complete,false,false
0,0,2012-12-30 17:07,2013-01-01 07:15,complete,false,false
0,0,2012-12-30 18:36,2012-12-30 23:36,complete,false,true
0,0,2012-12-30 19:45,2012-12-31 09:30,cancelled,false,false
0,0,2012-12-30 20:46,2012-12-31 02:00,complete,false,false
0,0,2012-12-30 22:23,2012-12-31 07:30,complete,false,false
0,0,2012-12-31 03:52,2013-01-01 03:00,complete,false,false
0,0,2012-12-31 03:57,2013-01-01 03:00,complete,false,false
0,0,2012-12-31 11:11,2013-01-01 02:45,complete,false,false
0,0,2012-12-31 11:23,2012-12-31 21:00,cancelled,false,true
0,0,2012-12-31 11:27,2013-01-01 02:45,complete,false,false
0,0,2012-12-31 11:39,2013-01-01 00:26,complete,false,true
0,0,2012-12-31 15:38,2013-01-01 03:00,complete,false,false
0,0,2013-01-01 03:11,2013-01-01 08:10,cancelled,false,false
0,0,2013-01-01 04:10,2013-01-01 10:00,complete,false,false
0,0,2013-01-01 03:57,2013-01-01 08:55,complete,false,false
0,0,2013-01-01 03:55,2013-01-01 08:53,complete,false,false
0,0,2013-01-01 04:30,2013-01-01 09:28,cancelled,false,false
0,0,2013-01-01 04:47,2013-01-01 09:46,complete,false,false
0,0,2013-01-01 05:34,2013-01-01 11:00,cancelled,false,false
0,0,2013-01-01 06:53,2013-01-01 11:52,complete,false,false
0,0,2013-01-01 06:55,2013-01-01 12:00,complete,false,false
0,0,2013-01-02 10:10,2013-01-02 15:10,cancelled,false,true
0,0,2013-01-02 10:12,2013-01-02 15:12,complete,false,true
0,0,2013-01-02 17:39,2013-01-02 23:45,complete,false,false
0,0,2013-01-03 00:16,2013-01-03 05:16,complete,false,false
0,0,2013-01-05 00:07,2013-01-05 05:02,complete,false,false
0,0,2013-01-05 14:03,2013-01-06 13:00,complete,false,false
0,0,2013-01-05 22:03,2013-01-06 03:01,cancelled,false,false
0,0,2013-01-05 23:16,2013-01-06 04:16,complete,false,true
0,0,2013-01-06 03:55,2013-01-06 10:30,complete,false,false
0,0,2013-01-08 11:34,2013-01-08 16:35,complete,false,false
0,0,2013-01-08 21:55,2013-01-09 10:30,complete,false,false
0,0,2013-01-09 03:58,2013-01-09 08:58,complete,false,false
0,0,2013-01-09 06:25,2013-01-09 11:45,cancelled,false,false
0,0,2013-01-09 13:27,2013-01-09 18:21,cancelled,false,false
0,0,2013-01-09 18:30,2013-01-09 23:30,complete,false,false
0,0,2013-01-10 08:38,2013-01-10 13:38,complete,false,false
0,0,2013-01-10 16:06,2013-01-10 21:10,complete,false,false
0,0,2013-01-10 19:36,2013-01-11 15:00,complete,false,false
0,0,2013-01-11 10:55,2013-01-11 19:45,complete,false,false
0,0,2013-01-11 12:16,2013-01-11 18:40,complete,false,false
0,0,2013-01-11 12:20,2013-01-11 17:45,cancelled,false,false
0,0,2013-01-11 12:12,2013-01-11 17:11,complete,false,false
0,0,2013-01-13 13:58,2013-01-13 23:00,complete,false,false
0,0,2013-01-13 15:13,2013-01-13 20:14,complete,false,false
0,0,2013-01-13 19:37,2013-01-14 10:45,complete,false,false
0,0,2013-01-14 10:04,2013-01-14 15:04,cancelled,false,false
0,0,2013-01-14 10:00,2013-01-14 14:59,complete,false,false
0,0,2013-01-14 10:53,2013-01-14 15:52,cancelled,false,false
0,0,2013-01-14 15:09,2013-01-14 20:08,cancelled,false,false
0,0,2013-01-15 12:39,2013-01-15 17:40,complete,false,false
0,0,2013-01-17 18:16,2013-01-17 23:15,cancelled,false,true
0,0,2013-01-18 00:11,2013-01-18 05:00,complete,false,false
0,0,2013-01-18 02:48,2013-01-18 07:48,complete,false,false
0,0,2013-01-18 09:13,2013-01-18 14:13,complete,false,true
0,0,2013-01-18 09:21,2013-01-18 14:21,complete,false,true
0,0,2013-01-18 10:44,2013-01-18 15:43,complete,false,false
0,0,2013-01-18 10:44,2013-01-18 15:43,complete,false,false
0,0,2013-01-18 13:35,2013-01-18 19:00,complete,false,false
0,0,2013-01-18 22:06,2013-01-24 13:20,complete,false,false
0,0,2013-01-21 12:36,2013-01-24 22:00,complete,false,true
0,0,2013-01-21 12:41,2013-01-21 23:00,complete,false,false
0,0,2013-01-21 19:43,2013-01-22 11:45,complete,false,false
0,0,2013-01-21 21:52,2013-01-22 11:45,cancelled,false,false
0,0,2013-01-21 21:55,2013-01-22 18:15,complete,false,false
0,0,2013-01-22 00:42,2013-01-22 05:43,complete,false,false
0,0,2013-01-22 18:45,2013-01-22 23:55,complete,false,false
0,0,2013-01-22 22:30,2013-01-23 12:45,complete,false,false
0,0,2013-01-23 08:41,2013-01-24 09:45,complete,false,false
0,0,2013-01-23 10:19,2013-01-23 18:15,complete,false,false
0,0,2013-01-23 11:37,2013-01-23 17:50,complete,false,false
0,0,2013-01-23 11:42,2013-01-24 19:50,complete,false,false
0,0,2013-01-23 11:45,2013-01-24 20:50,complete,false,false
0,0,2013-01-23 16:38,2013-01-23 21:38,cancelled,false,true
0,0,2013-01-23 17:04,2013-01-23 22:05,complete,false,false
0,0,2013-01-23 20:42,2013-01-24 01:42,cancelled,false,true
0,0,2013-01-23 21:18,2013-01-24 09:45,complete,false,false
0,0,2013-01-23 21:36,2013-01-24 02:36,complete,false,true
0,0,2013-01-23 23:42,2013-01-23 10:00,cancelled,false,false
0,0,2013-01-23 23:44,2013-01-24 10:00,complete,false,false
0,0,2013-01-23 21:55,2013-01-24 19:15,complete,false,false
0,0,2013-01-24 14:24,2013-01-24 19:24,complete,true,true
0,0,2013-01-24 16:06,2013-01-24 21:06,cancelled,true,true
0,0,2013-01-24 16:12,2013-01-24 21:12,complete,true,true
0,0,2013-01-24 17:11,2013-01-24 22:11,complete,true,true
0,0,2013-01-24 19:15,2013-01-25 00:15,complete,false,false
0,0,2013-01-24 23:31,2013-01-25 04:32,complete,false,false
0,0,2013-01-25 03:02,2013-01-25 08:02,complete,false,false
0,0,2013-01-25 03:12,2013-01-25 08:13,complete,false,false
0,0,2012-12-20 19:57,2012-12-22 02:00,complete,false,false
0,0,2013-01-25 10:59,2013-01-26 10:00,cancelled,false,true
0,0,2013-01-25 13:50,2013-01-25 18:50,complete,true,true
0,0,2013-01-25 14:36,2013-01-25 21:50,cancelled,false,false
0,0,2013-01-25 17:45,2013-01-25 22:46,complete,false,false
0,0,2013-01-25 19:24,2013-01-26 00:45,complete,false,false
0,0,2013-01-21 10:07,2013-01-26 11:00,cancelled,false,true
0,0,2013-01-21 14:42,2013-01-26 19:45,cancelled,false,true
0,0,2013-01-26 14:46,2013-10-31 18:47,cancelled,false,true
0,0,2013-01-26 23:48,2013-01-27 04:47,complete,false,false
0,0,2013-01-27 08:07,2013-01-27 13:08,complete,false,false
0,0,2013-01-27 08:44,2013-01-27 13:45,complete,false,false
0,0,2013-01-27 16:46,2013-02-08 09:00,cancelled,false,false
0,0,2013-01-28 00:06,2013-01-28 05:07,complete,false,false
0,0,2013-01-27 22:38,2013-01-28 10:00,complete,false,false
0,0,2013-01-28 06:59,2013-01-28 12:45,complete,false,false
0,0,2013-01-28 11:16,2013-01-28 16:16,complete,false,false
0,0,2013-01-29 06:48,2013-01-29 11:49,complete,false,false
0,0,2013-01-29 08:25,2013-01-30 14:15,complete,false,false
0,0,2013-01-29 15:52,2013-01-30 20:53,cancelled,false,true
0,0,2013-01-30 05:06,2013-01-30 10:07,complete,false,false
0,0,2013-01-29 20:40,2013-01-30 12:45,complete,false,false
0,0,2013-01-30 16:28,2013-01-30 21:55,complete,false,false
0,0,2013-01-30 22:24,2013-01-31 03:25,complete,false,false
0,0,2013-01-30 22:13,2013-01-31 11:00,complete,false,false
0,0,2013-01-31 08:00,2013-01-31 13:00,cancelled,false,false
0,0,2013-01-31 11:31,2013-01-31 16:31,complete,false,false
0,0,2013-01-31 13:07,2013-01-31 18:07,complete,true,true
0,0,2013-01-31 17:17,2013-01-31 22:16,complete,false,false
0,0,2013-01-31 17:51,2013-01-31 23:10,complete,false,false
0,0,2013-01-31 18:19,2013-01-31 23:18,cancelled,false,false
0,0,2013-01-31 20:25,2013-02-01 01:40,complete,false,false
0,0,2013-01-31 22:54,2013-02-01 03:55,complete,false,false
0,0,2013-02-01 02:59,2013-02-01 08:00,complete,false,false
0,0,2013-02-01 14:55,2013-02-01 19:55,cancelled,true,true
0,0,2013-02-01 16:00,2013-02-01 21:00,cancelled,true,true
0,0,2013-02-01 17:16,2013-02-01 22:16,complete,true,true
0,0,2013-02-01 16:37,2013-02-01 21:37,complete,false,false
0,0,2013-02-01 18:09,2013-02-01 23:09,complete,true,true
0,0,2013-02-01 20:58,2013-02-02 01:57,cancelled,false,false
0,0,2013-02-01 21:24,2013-02-02 02:25,complete,false,false
0,0,2013-02-02 14:31,2013-02-03 19:32,cancelled,false,false
0,0,2013-02-02 19:13,2013-02-03 00:25,complete,false,false
0,0,2013-02-03 01:43,2013-02-03 06:45,cancelled,false,false
0,0,2013-02-03 04:45,2013-02-03 09:46,complete,false,false
0,0,2013-02-04 01:13,2013-02-04 06:14,complete,false,false
0,0,2013-02-04 09:27,2013-02-04 17:00,cancelled,false,false
0,0,2013-02-04 13:25,2013-02-04 18:26,complete,false,false
0,0,2013-02-07 23:37,2013-02-08 10:30,complete,false,false
43.64656,-79.385296,2013-02-21 08:32,2013-02-21 13:32,cancelled,true,true
43.722024,-79.285245,2013-02-25 11:08,2013-02-25 16:07,complete,true,false
43.645813,-79.393066,2013-02-04 15:45,2013-02-04 20:45,complete,true,true
43.646606,-79.407133,2013-02-04 17:46,2013-02-04 22:46,complete,true,true
43.654491,-79.368582,2013-02-05 08:15,2013-02-05 13:15,cancelled,true,true
43.7194837,-79.4146736,2013-02-05 11:14,2013-02-05 16:20,complete,false,false
0,0,2013-02-05 17:41,2013-02-05 22:40,complete,false,false
43.6764639,-79.3360573,2013-02-05 19:13,2013-02-06 11:30,cancelled,false,false
43.732326,-79.3935673,2013-02-05 21:57,2013-02-06 11:45,cancelled,false,false
43.732326,-79.3935673,2013-02-05 22:01,2013-02-06 11:45,complete,false,false
43.7089278,-79.4086521,2013-02-05 20:34,2013-02-06 10:40,complete,false,false
43.6857177,-79.4128054,2013-02-05 23:25,2013-02-06 11:00,complete,false,false
0,0,2013-02-02 12:03,2013-02-06 18:00,complete,false,false
43.6846683,-79.3924782,2013-02-06 17:35,2013-02-06 22:36,complete,false,false
43.6469121,-79.374068,2013-02-06 17:32,2013-02-06 22:32,complete,false,false
43.6546354,-79.3685859,2013-02-07 11:26,2013-02-08 11:45,complete,false,false
43.6846683,-79.3924782,2013-02-07 13:41,2013-02-07 18:41,complete,false,false
0,0,2013-02-07 14:20,2013-02-07 23:00,complete,false,false
43.7038795,-79.4114196,2013-02-07 14:59,2013-02-08 23:40,cancelled,false,false
43.6559669,-79.379467,2013-02-07 15:07,2013-02-07 20:06,complete,false,false
43.6598742,-79.3790607,2013-02-07 15:53,2013-02-07 21:30,complete,false,false
43.648053,-79.377259,2013-02-07 17:18,2013-02-07 22:18,complete,true,true
43.647969,-79.377281,2013-02-07 17:32,2013-02-07 22:32,cancelled,true,true
43.648066,-79.377222,2013-02-07 17:22,2013-02-07 22:22,complete,true,true
43.6782183,-79.3014197,2013-02-07 17:58,2013-02-07 22:57,complete,false,false
43.7115951,-79.3275611,2013-02-07 18:19,2013-02-07 23:19,complete,false,false
43.7062818,-79.342878,2013-02-07 19:51,2013-02-08 14:00,complete,false,false
0,0,2013-02-08 08:46,2013-02-08 14:25,complete,false,false
43.7651528,-79.4122785,2013-02-08 10:59,2013-02-08 18:30,cancelled,false,false
0,0,2013-02-08 14:57,2013-02-08 21:00,cancelled,false,false
43.6597145,-79.3804382,2013-02-08 16:35,2013-02-08 21:35,cancelled,false,false
43.7152695,-79.4100963,2013-02-08 16:37,2013-02-08 22:15,cancelled,false,false
43.693818,-79.4113385,2013-02-08 17:02,2013-02-09 04:00,complete,false,false
0,0,2013-02-08 17:05,2013-02-08 22:05,cancelled,false,false
43.6618352,-79.4348541,2013-02-08 17:09,2013-02-08 22:07,cancelled,false,false
43.6688999,-79.4047147,2013-02-08 17:13,2013-02-08 23:30,complete,false,false
43.7097755,-79.4047873,2013-02-08 17:20,2013-02-08 23:00,cancelled,false,false
43.6822608,-79.3900835,2013-02-08 17:27,2013-02-09 00:10,cancelled,false,false
43.63226,-79.421503,2013-02-08 17:34,2013-02-08 22:33,cancelled,false,false
43.8729684,-79.2849508,2013-02-08 17:39,2013-02-08 23:15,cancelled,false,false
0,0,2013-02-08 17:48,2013-02-08 23:10,cancelled,false,false
43.6722709,-79.4073513,2013-02-08 18:20,2013-02-08 23:50,complete,false,false
43.6425429,-79.3925339,2013-02-08 18:41,2013-02-09 00:15,complete,false,false
43.6862966,-79.4132488,2013-02-08 19:03,2013-02-09 00:03,cancelled,false,false
43.7293443,-79.5919906,2013-02-08 18:41,2013-02-08 23:42,complete,false,false
43.6862966,-79.4132488,2013-02-08 19:09,2013-02-09 00:10,cancelled,false,false
43.6611933,-79.3427725,2013-02-08 19:09,2013-02-09 00:10,cancelled,false,false
43.6934409,-79.3115146,2013-02-08 19:44,2013-02-09 00:44,complete,false,false
43.6404137,-79.3832253,2013-02-08 20:36,2013-02-09 02:00,complete,false,false
43.6934409,-79.3115146,2013-02-08 19:42,2013-02-09 00:43,complete,false,false
43.6761388,-79.5059232,2013-02-08 21:08,2013-02-09 09:15,cancelled,false,false
43.644684,-79.376366,2013-02-08 21:12,2013-02-09 02:13,complete,false,false
43.6885993,-79.3476048,2013-02-08 20:51,2013-02-09 01:52,complete,false,false
43.6593928,-79.3592236,2013-02-08 21:25,2013-02-09 02:25,cancelled,false,false
43.6551659,-79.3896325,2013-02-08 21:30,2013-02-09 02:30,complete,false,false
43.6586715,-79.4417482,2013-02-08 22:50,2013-02-09 10:00,complete,false,false
43.6600966,-79.3629825,2013-02-08 22:56,2013-02-09 04:30,cancelled,false,false
43.7153124,-79.4781124,2013-02-08 23:02,2013-02-09 10:10,complete,false,false
43.663492,-79.3781041,2013-02-09 00:03,2013-02-09 05:02,complete,false,false
43.653783,-79.4641449,2013-02-09 08:54,2013-02-09 14:35,complete,false,false
43.6542045,-79.5006246,2013-02-09 17:23,2013-02-09 22:45,cancelled,false,false
0,0,2013-02-09 17:45,2013-02-09 22:46,complete,false,false
43.6542045,-79.5006246,2013-02-09 17:29,2013-02-09 23:45,complete,false,false
43.6982059,-79.3919912,2013-02-09 20:10,2013-02-10 01:10,complete,false,false
43.6705519,-79.4181526,2013-02-10 01:50,2013-02-10 06:50,complete,false,false
43.74747,-79.452843,2013-02-10 02:39,2013-02-10 07:39,cancelled,false,false
0,0,2013-02-10 14:12,2013-02-10 23:00,complete,false,false
43.6793464,-79.3826686,2013-02-10 22:13,2013-02-11 12:00,complete,false,false
43.6384596,-79.4295919,2013-02-11 19:43,2013-02-12 10:00,complete,false,false
43.6778885,-79.3017433,2013-02-12 09:47,2013-02-12 15:30,complete,false,false
43.654584,-79.368582,2013-02-12 10:00,2013-02-12 15:00,cancelled,true,true
43.65456,-79.368539,2013-02-12 15:14,2013-02-12 20:14,cancelled,true,true
43.6417946,-79.4253001,2013-02-13 09:26,2013-02-13 20:05,complete,false,false
43.654607,-79.368571,2013-02-13 11:01,2013-02-13 16:01,cancelled,true,true
43.6802826,-79.3377707,2013-02-13 21:32,2013-02-14 11:50,cancelled,false,false
43.654427,-79.368509,2013-02-14 14:14,2013-02-14 19:13,cancelled,true,true
43.6725498,-79.2818915,2013-02-14 18:55,2013-02-15 01:30,complete,false,false
43.6687188,-79.3976417,2013-02-14 19:51,2013-02-15 01:30,complete,false,false
43.7123162,-79.3936178,2013-02-14 22:59,2013-02-15 12:00,complete,false,false
43.679828,-79.390549,2013-02-14 23:55,2013-02-15 04:54,complete,true,false
43.654407,-79.36843,2013-02-15 09:53,2013-02-15 14:53,cancelled,true,true
43.7112744,-79.3913739,2013-02-15 22:33,2013-02-16 03:33,complete,false,false
0,0,2013-02-16 09:03,2013-02-16 14:04,complete,false,false
45.4769851,-73.8385451,2013-02-16 14:02,2013-02-21 20:00,cancelled,false,false
45.4769851,-73.8385451,2013-02-16 14:04,2013-02-21 20:00,cancelled,false,false
0,0,2013-02-16 17:14,2013-02-16 22:15,complete,false,false
43.662501,-79.333354,2013-02-16 21:35,2013-02-17 02:34,cancelled,true,true
43.7332337,-79.3930311,2013-02-16 22:22,2013-02-17 03:16,complete,false,false
43.7590643,-79.2444597,2013-02-16 23:36,2013-02-17 04:36,cancelled,false,false
45.4769851,-73.8385451,2013-02-17 19:09,2013-02-21 20:30,complete,false,false
43.658148,-79.389308,2013-02-17 17:02,2013-02-18 12:30,complete,false,false
43.6660632,-79.4071762,2013-02-17 14:48,2013-02-18 14:00,complete,false,false
43.6659925,-79.3867729,2013-02-18 13:26,2013-02-18 21:00,cancelled,false,false
43.6659925,-79.3867729,2013-02-18 13:26,2013-02-18 21:00,cancelled,false,false
43.8103244,-79.3568694,2013-02-18 14:49,2013-02-19 03:00,cancelled,false,false
43.6888999,-79.4912419,2013-02-18 21:07,2013-02-19 11:10,complete,false,false
0,0,2013-02-18 23:56,2013-02-19 04:57,complete,false,false
43.6398735,-79.3814231,2013-02-19 12:23,2013-02-19 17:55,complete,false,false
43.7300698,-79.3285427,2013-02-19 16:19,2013-02-19 22:10,complete,false,false
43.6604774,-79.4480061,2013-02-19 20:45,2013-02-20 03:00,cancelled,false,false
43.645838,-79.393069,2013-02-20 10:11,2013-02-20 15:11,cancelled,true,true
43.7168038,-79.4132911,2013-02-20 10:31,2013-02-20 19:00,cancelled,false,false
0,0,2013-02-20 10:47,2013-02-20 16:15,complete,false,false
43.7168038,-79.4132911,2013-02-20 11:34,2013-02-20 19:00,complete,false,false
45.323296,-75.669834,2013-02-20 13:14,2013-02-20 18:14,complete,true,false
43.654512,-79.368577,2013-02-20 15:49,2013-02-20 20:49,cancelled,true,false
43.7269751,-79.3403718,2013-02-20 17:19,2013-02-20 22:04,cancelled,false,false
43.652944,-79.4036645,2013-02-21 08:05,2013-02-21 13:05,complete,false,false
43.653437,-79.369098,2013-02-21 08:59,2013-02-21 13:59,cancelled,true,true
43.653388,-79.368991,2013-02-21 09:02,2013-02-21 14:02,cancelled,true,true
0,0,2013-02-21 11:07,2013-02-21 11:00,cancelled,false,false
0,0,2013-02-21 11:10,2013-02-21 11:00,complete,false,false
43.645665,-79.392991,2013-02-21 14:44,2013-02-21 19:44,cancelled,true,true
43.645788,-79.393161,2013-02-21 14:50,2013-02-21 19:49,cancelled,true,true
43.645797,-79.393012,2013-02-21 14:57,2013-02-21 19:57,cancelled,true,true
43.64584,-79.393072,2013-02-21 15:04,2013-02-21 20:03,cancelled,true,true
43.645774,-79.393126,2013-02-21 15:36,2013-02-21 20:36,cancelled,true,true
43.645565,-79.393362,2013-02-21 15:39,2013-02-21 20:39,cancelled,true,true
43.645803,-79.393155,2013-02-21 15:42,2013-02-21 20:41,complete,true,true
43.654636,-79.394813,2013-02-21 15:58,2013-02-21 20:57,cancelled,true,true
43.654608,-79.394754,2013-02-21 16:24,2013-02-21 21:23,complete,true,true
43.645827,-79.392994,2013-02-21 16:43,2013-02-21 21:43,complete,true,true
43.654639,-79.394774,2013-02-21 17:16,2013-02-21 22:16,complete,true,true
43.645863,-79.393086,2013-02-21 17:24,2013-02-21 22:24,complete,true,true
43.645822,-79.393092,2013-02-21 18:46,2013-02-21 23:45,complete,true,true
43.663787,-79.398811,2013-02-21 23:42,2013-02-22 04:42,complete,true,false
43.6413676,-79.5578161,2013-02-22 05:27,2013-02-22 10:40,complete,false,false
0,0,2013-02-22 11:24,2013-02-22 16:25,complete,false,false
43.7010258,-79.4464537,2013-02-22 12:07,2013-02-23 10:00,complete,false,false
43.6547301,-79.3946911,2013-02-22 17:00,2013-02-23 22:01,complete,false,false
0,0,2013-02-23 01:44,2013-02-23 05:00,complete,false,false
43.659251,-79.374002,2013-02-23 07:10,2013-02-23 12:10,complete,true,false
43.6815703,-79.278944,2013-02-23 16:10,2013-02-23 22:00,complete,false,false
45.510597,-73.566134,2013-02-23 16:14,2013-02-23 21:14,complete,true,false
45.51009,-73.566923,2013-02-23 16:15,2013-02-23 21:15,complete,true,false
43.6719857,-79.4034018,2013-02-23 17:26,2013-02-23 22:50,complete,false,false
43.661336,-79.383039,2013-02-23 20:44,2013-02-24 01:44,complete,true,false
43.654604,-79.394778,2013-02-23 22:54,2013-02-24 03:54,complete,true,true
43.654588,-79.368534,2013-02-23 23:42,2013-02-24 04:40,complete,true,false
0,0,2013-02-24 13:20,2013-02-24 05:00,complete,false,false
43.648916,-79.396312,2013-02-24 13:23,2013-02-24 18:23,complete,true,false
0,0,2013-02-24 16:41,2013-02-24 21:33,complete,false,false
43.6542521,-79.4398694,2013-02-24 16:46,2013-02-25 14:00,complete,false,false
0,0,2013-02-25 01:08,2013-02-25 05:00,complete,false,false
0,0,2013-02-25 08:20,2013-02-25 13:22,complete,false,false
43.648297,-79.3904147,2013-02-25 08:33,2013-02-25 13:33,complete,false,false
43.730374,-79.29134,2013-02-25 11:07,2013-02-25 16:07,complete,true,false
0,0,2013-02-25 12:46,2013-02-25 22:00,complete,false,false
0,0,2013-02-25 15:06,2013-02-25 20:07,complete,false,false
43.8179964,-79.3352186,2013-02-25 15:37,2013-02-25 21:15,complete,false,false
0,0,2013-02-25 16:47,2013-02-26 12:45,complete,false,false
38.820738,-77.217648,2013-02-25 18:17,2013-02-25 23:16,complete,true,false
38.821221,-77.217578,2013-02-25 18:17,2013-02-25 23:17,complete,true,false
38.820632,-77.217587,2013-02-25 18:17,2013-02-25 23:17,complete,true,false
43.634881,-79.400711,2013-02-25 18:20,2013-02-25 23:20,complete,true,false
43.644677,-79.411204,2013-02-25 18:29,2013-02-25 23:28,complete,true,false
43.646385,-79.409162,2013-02-25 18:33,2013-02-25 23:32,complete,true,false
43.781021,-79.398626,2013-02-25 18:35,2013-02-25 23:35,complete,true,false
38.821187,-77.217456,2013-02-25 18:39,2013-02-25 23:38,complete,true,false
43.640437,-79.559541,2013-02-25 18:52,2013-02-25 23:52,complete,true,false
43.640457,-79.559627,2013-02-25 18:54,2013-02-25 23:54,complete,true,false
43.655972,-79.40003,2013-02-25 19:11,2013-02-26 00:11,complete,true,false
43.659345,-79.415502,2013-02-25 22:10,2013-02-26 03:10,complete,true,false
43.671201,-79.2995,2013-02-26 07:23,2013-02-26 12:23,complete,true,false
43.8179964,-79.3352186,2013-02-26 13:01,2013-02-26 21:15,complete,false,false
0,0,2013-02-26 17:35,2013-02-26 22:36,complete,false,false
44.092571,-77.59623,2013-02-26 18:42,2013-02-26 23:42,complete,true,false
0,0,2013-02-26 18:49,2013-02-26 23:50,complete,false,false
43.665613,-79.398902,2013-02-26 20:45,2013-02-27 01:44,complete,true,false
43.665495,-79.398759,2013-02-26 20:49,2013-02-27 01:49,complete,true,false
43.66458,-79.398744,2013-02-26 21:33,2013-02-27 02:32,complete,true,false
43.649556,-79.3596791,2013-02-27 09:31,2013-02-27 18:30,complete,false,false
43.665722,-79.387532,2013-02-27 10:45,2013-02-27 15:44,complete,true,false
43.647963,-79.377549,2013-02-27 10:57,2013-02-27 15:56,complete,true,false
43.647954,-79.449549,2013-02-27 12:28,2013-02-27 17:28,complete,true,false
43.647954,-79.449549,2013-02-27 12:28,2013-02-27 17:30,complete,true,false
43.8179964,-79.3352186,2013-02-27 12:41,2013-02-27 21:15,complete,false,false
43.7661654,-79.2946263,2013-02-27 13:56,2013-02-27 20:00,complete,false,false
43.681727,-79.612049,2013-02-27 14:06,2013-03-04 19:30,complete,false,false
0,0,2013-02-27 14:10,2013-02-27 19:09,complete,false,false
43.8454737,-79.3812269,2013-02-27 14:38,2013-03-07 15:00,complete,false,false
43.6699149,-79.3797186,2013-02-27 15:54,2013-02-27 21:00,complete,false,false
0,0,2013-02-27 16:29,2013-02-27 23:50,complete,false,false
0,0,2013-02-27 18:53,2013-02-27 05:00,complete,false,false
43.8105065,-79.5155235,2013-02-27 19:07,2013-02-28 00:07,complete,false,false
43.6450802,-79.390658,2013-02-27 19:15,2013-02-28 11:45,complete,false,false
43.7117715,-79.3962196,2013-02-27 23:40,2013-02-28 11:15,complete,false,false
43.647473,-79.403767,2013-02-28 10:37,2013-02-28 15:37,complete,true,false
43.653737,-79.36761,2013-02-28 11:13,2013-02-28 16:13,complete,true,false
43.657766,-79.358046,2013-02-28 11:15,2013-02-28 16:14,complete,true,false
43.8179964,-79.3352186,2013-02-28 12:32,2013-02-28 21:15,complete,false,false
43.640374,-79.395568,2013-02-28 12:45,2013-02-28 17:45,complete,true,false
43.640374,-79.395568,2013-02-28 12:47,2013-02-28 17:47,complete,true,false
43.6469121,-79.374068,2013-02-28 13:08,2013-02-28 18:08,complete,false,false
43.8170003,-79.336625,2013-02-28 14:30,2013-02-28 21:05,complete,false,false
43.726007,-79.318677,2013-02-28 16:52,2013-02-28 21:52,complete,true,false
43.826423,-79.2732292,2013-02-28 18:03,2013-02-28 23:13,complete,false,false
45.401958,-75.665345,2013-03-01 00:30,2013-03-01 05:30,complete,true,false
45.402147,-75.665021,2013-03-01 00:31,2013-03-01 05:31,complete,true,false
45.403482,-75.664625,2013-03-01 00:31,2013-03-01 05:31,complete,true,false
0,0,2013-03-01 02:50,2013-03-01 07:51,complete,false,false
43.64072,-79.395219,2013-03-01 04:11,2013-03-01 09:10,complete,true,false
43.809683,-79.529691,2013-03-01 07:24,2013-03-01 12:23,complete,true,false
43.8179964,-79.3352186,2013-03-01 12:06,2013-03-01 17:15,complete,false,false
43.654685,-79.368614,2013-03-01 13:22,2013-03-01 18:22,complete,true,true
43.636967,-79.491904,2013-03-01 13:26,2013-03-01 18:26,complete,true,false
45.529166,-73.593486,2013-03-01 14:26,2013-03-01 19:26,complete,true,false
45.528961,-73.593388,2013-03-01 14:29,2013-03-01 19:29,complete,true,false
43.8989004,-79.0212111,2013-03-01 16:44,2013-03-02 06:00,complete,false,false
43.7274012,-79.4116352,2013-03-01 17:32,2013-03-02 10:30,complete,false,false
43.670819,-79.376467,2013-03-01 17:35,2013-03-01 22:35,complete,true,false
43.7573228,-79.406773,2013-03-01 18:57,2013-03-02 11:30,complete,false,false
43.654386,-79.375196,2013-03-01 23:02,2013-03-02 04:01,complete,true,false
43.65749,-79.376855,2013-03-01 23:27,2013-03-02 04:26,complete,true,true
43.649075,-79.388346,2013-03-01 23:33,2013-03-02 04:33,complete,true,false
43.631585,-79.421307,2013-03-02 11:45,2013-03-02 16:44,complete,true,false
43.7187888,-79.4045259,2013-03-02 12:38,2013-03-02 18:00,complete,false,false
44.722059,-63.868711,2013-03-02 13:34,2013-03-02 18:33,complete,true,false
43.653495,-79.500286,2013-03-02 18:18,2013-03-02 23:17,complete,true,false
43.759327,-79.384325,2013-03-02 19:39,2013-03-03 00:39,complete,true,false
43.654263,-79.485162,2013-03-02 19:41,2013-03-03 00:41,complete,true,false
43.660055,-79.385556,2013-03-02 20:27,2013-03-03 01:26,complete,true,false
43.740978,-79.405764,2013-03-02 21:58,2013-03-03 02:57,complete,true,false
43.648985,-79.528773,2013-03-02 21:58,2013-03-03 02:58,complete,true,false
43.636063,-79.4097,2013-03-02 22:37,2013-03-03 03:37,complete,true,false
43.687284,-79.447866,2013-03-03 00:16,2013-03-03 05:16,complete,true,false
43.756599,-79.245581,2013-03-03 00:47,2013-03-03 05:47,complete,true,false
43.755521,-79.245897,2013-03-03 01:15,2013-03-03 06:14,complete,true,false
43.7054063,-79.3089434,2013-03-03 07:05,2013-03-03 13:30,complete,false,false
43.793902,-79.441819,2013-03-03 09:16,2013-03-03 14:16,complete,true,false
43.792086,-79.446117,2013-03-03 09:17,2013-03-03 14:17,complete,true,false
43.835731,-79.231108,2013-03-03 20:24,2013-03-04 11:00,complete,false,false
29.817635,-95.558964,2013-03-03 21:48,2013-03-04 02:47,complete,true,false
0,0,2013-03-04 00:20,2013-03-04 05:21,complete,false,false
43.670821,-79.384555,2013-03-04 09:07,2013-03-04 14:06,complete,true,false
43.6581699,-79.3531439,2013-03-04 14:04,2013-03-05 10:00,complete,false,false
43.668164,-79.378234,2013-03-04 16:00,2013-03-04 20:59,complete,true,false
0,0,2013-03-04 18:35,2013-03-04 23:35,complete,false,false
43.7856785,-79.4588253,2013-03-04 21:40,2013-03-05 13:00,complete,false,false
43.650807,-79.41317,2013-03-04 21:51,2013-03-05 02:51,complete,true,false
0,0,2013-03-04 23:04,2013-03-05 04:05,complete,false,false
0,0,2013-03-05 01:35,2013-03-05 06:36,complete,false,false
43.705626,-79.409358,2013-03-05 09:26,2013-03-05 14:25,complete,true,false
43.705625,-79.409314,2013-03-05 09:28,2013-03-05 14:27,complete,true,false
43.672194,-79.404597,2013-03-05 23:35,2013-03-06 04:34,complete,true,false
43.6502141,-79.3729538,2013-03-06 11:17,2013-03-06 16:45,complete,false,false
43.73974,-79.401591,2013-03-06 16:10,2013-03-06 21:10,complete,true,false
43.639885,-79.375606,2013-03-06 21:47,2013-03-07 02:47,complete,true,false
43.737628,-79.345846,2013-03-07 06:43,2013-03-07 11:49,complete,true,false
48.893861,2.3544,2013-03-07 11:37,2013-03-07 16:37,cancelled,true,false
48.872168,2.309459,2013-03-07 13:38,2013-03-07 18:38,cancelled,true,false
43.6522389,-79.3712308,2013-03-07 13:57,2013-03-07 18:56,complete,false,false
43.665688,-79.398844,2013-03-07 18:17,2013-03-07 23:17,complete,true,false
43.665394,-79.398762,2013-03-07 19:59,2013-03-08 00:59,complete,true,false
43.681227,-79.3924409,2013-03-07 22:11,2013-03-08 15:00,complete,false,false
43.7122652,-79.3919232,2013-03-07 23:36,2013-03-08 12:35,complete,false,false
43.7636876,-79.5215009,2013-03-07 23:40,2013-03-08 15:15,complete,false,false
43.6884371,-79.3913572,2013-03-08 09:30,2013-03-08 18:00,complete,false,false
43.6737408,-79.4103624,2013-03-08 12:29,2013-03-08 17:45,complete,false,false
43.64578,-79.393068,2013-03-09 05:56,2013-03-09 10:56,complete,true,true
43.660318,-79.364304,2013-03-09 17:14,2013-03-09 22:14,cancelled,true,false
43.6737408,-79.4103624,2013-03-09 17:42,2013-03-09 22:43,complete,false,false
43.7053841,-79.4065686,2013-03-09 23:42,2013-03-10 05:00,complete,false,false
43.6608809,-79.4160965,2013-03-09 23:54,2013-03-10 04:54,complete,false,false
43.68723,-79.447981,2013-03-10 00:00,2013-03-10 05:00,complete,true,false
43.7328791,-79.2238562,2013-03-10 10:22,2013-03-10 15:00,complete,false,false
43.6974922,-79.5208511,2013-03-10 13:35,2013-03-10 18:30,complete,false,false
43.611542,-79.623808,2013-03-10 14:56,2013-03-10 18:56,cancelled,true,false
43.7825746,-79.1474818,2013-03-11 07:29,2013-03-11 11:30,complete,false,false
43.784198,-79.145991,2013-03-11 08:08,2013-03-11 12:08,cancelled,true,false
43.6458392,-79.3930797,2013-03-11 14:55,2013-03-17 18:56,complete,false,true
43.6458392,-79.3930797,2013-03-11 14:58,2013-03-11 20:15,complete,false,false
48.88275,2.315207,2013-03-11 14:58,2013-03-11 18:58,complete,true,false
43.666459,-79.398903,2013-03-12 14:31,2013-03-12 18:31,cancelled,true,false
43.6244929,-79.488918,2013-03-12 16:07,2013-03-12 21:00,complete,false,false
43.6469121,-79.374068,2013-03-13 17:07,2013-03-13 21:07,complete,false,false
43.6640909,-79.3414177,2013-03-13 20:08,2013-03-14 15:20,complete,false,false
43.6505952,-79.421222,2013-03-13 22:42,2013-03-14 09:20,complete,false,false
43.65297,-79.483908,2013-03-14 06:57,2013-03-14 10:57,cancelled,true,false
43.647665,-79.380763,2013-03-14 15:01,2013-03-14 19:01,cancelled,true,false
43.6411922,-79.377079,2013-03-14 18:25,2013-03-14 22:45,complete,false,false
43.6458392,-79.3930797,2013-03-15 13:23,2013-05-15 17:23,cancelled,false,false
55.632795,37.527989,2013-03-15 14:30,2013-03-15 18:29,cancelled,true,false
43.657149,-79.363097,2013-03-15 14:38,2013-03-15 18:38,cancelled,true,false
43.657271,-79.363068,2013-03-15 14:39,2013-03-15 18:39,cancelled,true,false
43.648322,-79.393341,2013-03-15 14:57,2013-03-15 18:57,cancelled,true,false
43.6625026,-79.3298623,2013-03-15 21:39,2013-03-16 02:30,complete,false,false
43.729824,-79.467474,2013-03-16 09:50,2013-03-16 13:50,complete,true,false
43.729817,-79.467561,2013-03-16 10:09,2013-03-16 14:09,complete,true,false
43.648985,-79.388151,2013-03-16 12:45,2013-03-16 16:45,complete,true,false
43.7439468,-79.3665118,2013-03-16 16:06,2013-03-17 11:00,cancelled,false,false
43.673193,-79.435663,2013-03-16 20:32,2013-03-17 00:32,complete,true,false
43.652173,-79.383207,2013-03-16 22:56,2013-03-17 02:56,cancelled,true,false
43.651601,-79.382044,2013-03-16 22:58,2013-03-17 02:58,complete,true,false
43.6577039,-79.4644097,2013-03-16 23:47,2013-03-17 03:47,complete,false,false
43.6793553,-79.3018411,2013-03-17 01:18,2013-03-17 05:17,complete,false,false
43.812105,-79.471678,2013-03-17 01:59,2013-03-17 05:59,complete,true,false
43.65871,-79.350259,2013-03-17 21:34,2013-03-18 01:33,complete,true,true
43.6854826,-79.3911839,2013-03-18 14:30,2013-03-19 09:30,complete,false,false
43.6846683,-79.3924782,2013-03-18 17:21,2013-03-18 21:00,complete,false,false
43.667713,-79.381065,2013-03-18 21:01,2013-03-19 01:01,complete,true,false
43.646416,-79.570727,2013-03-19 10:02,2013-03-19 14:02,complete,true,false
43.637661,-79.397551,2013-03-19 10:59,2013-03-19 20:00,complete,false,false
43.646127,-79.391643,2013-03-19 14:43,2013-03-19 18:42,complete,true,false
45.485039,-73.843012,2013-03-19 18:56,2013-03-19 22:56,complete,true,false
43.658553,-79.38357,2013-03-19 18:58,2013-03-19 22:58,complete,true,false
43.658553,-79.38357,2013-03-19 19:00,2013-03-19 23:00,complete,true,false
43.658553,-79.38357,2013-03-20 00:28,2013-03-20 04:28,complete,true,false
43.649065,-79.378058,2013-03-20 00:32,2013-03-20 04:32,complete,true,false
43.7787032,-79.485558,2013-03-20 09:01,2013-03-20 14:00,complete,false,false
43.668863,-79.313264,2013-03-20 11:03,2013-03-20 15:03,complete,true,false
43.6469121,-79.374068,2013-03-20 16:53,2013-03-20 20:54,complete,false,false
43.6616132,-79.380456,2013-03-20 18:28,2013-03-20 22:29,complete,false,false
43.8105065,-79.5155235,2013-03-20 20:13,2013-03-29 00:15,complete,false,false
43.6386277,-79.537856,2013-03-21 01:05,2013-03-21 12:05,complete,false,false
43.6467094,-79.3858998,2013-03-21 12:48,2013-03-21 17:50,complete,false,false
43.657512,-79.35696,2013-03-21 14:36,2013-03-21 18:36,cancelled,true,false
43.657512,-79.35696,2013-03-21 14:42,2013-03-21 18:42,complete,true,false
43.645828,-79.37426,2013-03-21 23:24,2013-03-22 03:24,complete,true,false
43.699125,-79.3907273,2013-03-22 03:34,2013-03-22 07:35,complete,false,false
43.645665,-79.392991,2013-03-23 06:03,2013-03-23 10:03,complete,true,true
45.4709105,-73.6367168,2013-03-23 18:30,2013-03-24 07:45,complete,false,false
43.6807689,-79.5413914,2013-03-23 19:33,2013-03-24 18:15,complete,false,false
43.7014951,-79.4461651,2013-03-23 23:29,2013-03-24 03:30,complete,false,false
43.7700083,-79.4293735,2013-03-24 00:14,2013-03-24 04:30,complete,false,false
43.681727,-79.612049,2013-03-24 03:46,2013-03-26 16:00,complete,false,false
43.7104267,-79.3945362,2013-03-24 14:22,2013-03-24 18:23,complete,false,false
43.729788,-79.467429,2013-03-24 17:53,2013-03-24 21:53,complete,true,false
43.729817,-79.467561,2013-03-24 17:53,2013-03-24 21:53,complete,true,false
43.729817,-79.467561,2013-03-24 17:56,2013-03-24 21:56,complete,true,false
43.699076,-79.320539,2013-03-25 08:19,2013-03-25 12:19,complete,true,false
43.699317,-79.321133,2013-03-25 08:20,2013-03-25 12:20,complete,true,false
43.746249,-79.4078263,2013-03-25 16:17,2013-03-25 21:00,complete,false,false
43.6725497,-79.3853728,2013-03-25 22:10,2013-03-26 09:30,complete,false,false
43.647069,-79.392759,2013-03-26 08:37,2013-03-26 12:36,complete,true,false
43.64744,-79.392326,2013-03-26 08:41,2013-03-26 12:41,cancelled,true,false
43.647045,-79.392904,2013-03-26 08:42,2013-03-26 12:42,complete,true,false
43.6677245,-79.3496014,2013-03-26 10:01,2013-03-26 14:00,complete,false,false
43.746249,-79.4078263,2013-03-26 11:48,2013-03-26 16:15,complete,false,false
43.672224,-79.404528,2013-03-26 18:32,2013-03-26 22:31,complete,true,false
43.68,-79.395004,2013-03-27 08:51,2013-03-27 12:50,complete,true,false
43.676533,-79.318844,2013-03-27 17:55,2013-03-27 21:55,complete,true,false
43.6562,-79.385174,2013-03-27 20:02,2013-03-28 00:01,complete,true,false
43.639756,-79.383524,2013-03-27 20:27,2013-03-28 00:27,complete,true,false
43.828918,-79.40516,2013-03-28 00:27,2013-03-28 04:26,complete,true,false
43.831569,-79.404403,2013-03-28 00:28,2013-03-28 04:28,complete,true,false
43.7982304,-79.2732855,2013-03-28 16:09,2013-03-28 21:00,complete,false,false
43.665536,-79.398713,2013-03-28 17:35,2013-03-28 21:34,complete,true,false
43.665151,-79.398903,2013-03-28 17:43,2013-03-28 21:42,cancelled,true,false
43.6209014,-79.4855241,2013-03-28 18:39,2013-03-29 15:15,complete,false,false
43.828482,-79.406808,2013-03-28 21:56,2013-03-29 01:56,cancelled,true,false
43.692068,-79.700248,2013-03-29 08:55,2013-03-29 12:54,complete,true,false
43.692128,-79.699788,2013-03-29 09:25,2013-03-29 13:24,cancelled,true,false
43.692033,-79.699886,2013-03-29 09:25,2013-03-29 13:25,cancelled,true,false
43.645358,-79.380705,2013-03-29 09:28,2013-03-29 13:27,complete,true,false
45.4989648,-73.5825041,2013-03-29 19:35,2013-03-30 08:15,complete,false,false
43.6481515,-79.4037238,2013-03-29 21:08,2013-04-01 12:40,complete,false,false
43.669022,-79.3480149,2013-03-29 23:51,2013-03-30 03:52,complete,false,false
43.676607,-79.588055,2013-03-30 08:27,2013-03-30 12:27,complete,true,false
43.7505771,-79.4624523,2013-03-30 13:56,2013-04-01 23:00,complete,false,false
43.636741,-79.491751,2013-03-30 14:27,2013-03-30 18:27,complete,true,false
43.672173,-79.404627,2013-03-30 17:46,2013-03-30 21:46,complete,true,false
43.665592,-79.407948,2013-03-31 00:10,2013-03-31 04:10,complete,true,false
43.6350398,-79.4347444,2013-03-31 10:30,2013-03-31 15:00,complete,false,false
43.67065,-79.376312,2013-03-31 12:01,2013-03-31 16:01,complete,true,false
43.646802,-79.4518149,2013-03-31 14:12,2013-04-01 07:00,complete,false,false
43.656586,-79.3993614,2013-03-31 15:56,2013-03-31 20:00,complete,false,false
43.714359,-79.815328,2013-03-31 20:33,2013-04-01 00:33,complete,true,false
43.717289,-79.818312,2013-03-31 20:33,2013-04-01 00:33,complete,true,false
43.717289,-79.818312,2013-03-31 20:33,2013-04-01 00:33,complete,true,false
43.654639,-79.394775,2013-04-01 03:15,2013-04-01 07:15,cancelled,true,true
43.6687449,-79.3941655,2013-04-01 08:37,2013-04-11 12:00,complete,false,false
43.6547301,-79.3946911,2013-04-01 12:14,2013-04-02 16:15,cancelled,false,false
43.6547301,-79.3946911,2013-04-01 16:58,2013-04-02 21:00,cancelled,false,false
43.6369731,-79.4211551,2013-04-01 18:17,2013-04-01 22:30,complete,false,false
43.6592092,-79.5774753,2013-04-01 20:37,2013-04-02 11:00,complete,false,false
43.665736,-79.379809,2013-04-02 03:42,2013-04-02 07:42,complete,true,false
43.6851966,-79.2858705,2013-04-02 09:45,2013-04-02 14:00,complete,false,false
43.655948,-79.382611,2013-04-02 11:11,2013-04-02 15:10,cancelled,true,true
43.6963568,-79.3187279,2013-04-02 11:25,2013-04-02 15:26,cancelled,false,false
43.654599,-79.400562,2013-04-02 17:57,2013-04-02 21:56,cancelled,true,true
43.699317,-79.321133,2013-04-03 08:31,2013-04-03 12:31,complete,true,false
43.9186068,-78.9245303,2013-04-02 22:58,2013-04-03 17:00,cancelled,false,false
43.6715309,-79.3808573,2013-04-03 14:18,2013-04-04 08:00,complete,false,false
43.7438448,-79.5364832,2013-04-03 16:51,2013-04-03 20:53,cancelled,false,false
43.7438448,-79.5364832,2013-04-03 16:54,2013-04-04 20:55,cancelled,false,false
43.6369731,-79.4211551,2013-04-03 17:28,2013-04-03 21:45,complete,false,false
43.654632,-79.394799,2013-04-03 18:49,2013-04-03 22:49,complete,true,true
43.70176,-79.5201223,2013-04-03 19:13,2013-04-03 23:14,cancelled,false,false
43.70176,-79.5201223,2013-04-03 19:40,2013-04-03 23:40,cancelled,false,false
43.646684,-79.385747,2013-04-03 22:27,2013-04-04 02:27,complete,true,false
43.656103,-79.380776,2013-04-03 22:31,2013-04-04 02:31,complete,true,false
43.743622,-79.536179,2013-04-04 11:23,2013-04-04 15:22,cancelled,true,false
43.743725,-79.536464,2013-04-04 12:51,2013-04-04 16:51,cancelled,true,false
43.654637,-79.394805,2013-04-04 12:57,2013-04-04 16:56,cancelled,true,true
43.654564,-79.394792,2013-04-04 13:01,2013-04-04 17:00,complete,true,true
43.724701,-79.402096,2013-04-04 18:28,2013-04-04 22:28,complete,true,false
43.7019025,-79.4071538,2013-04-05 05:13,2013-04-05 09:15,complete,false,false
43.6499647,-79.3760816,2013-04-05 09:55,2013-04-08 13:00,complete,false,false
43.647965,-79.3886089,2013-04-05 11:14,2013-04-05 15:16,complete,false,false
43.6547301,-79.3946911,2013-04-05 12:43,2013-04-06 16:45,cancelled,false,false
43.668463,-79.384678,2013-04-05 14:02,2013-04-05 18:02,complete,true,false
43.6639162,-79.3902684,2013-04-05 22:58,2013-04-06 02:58,complete,false,false
43.6722,-79.404555,2013-04-05 23:43,2013-04-06 03:43,complete,true,false
43.634516,-79.400522,2013-04-06 00:05,2013-04-06 04:04,complete,true,false
43.6797899,-79.441364,2013-04-06 00:50,2013-04-06 04:51,complete,false,false
43.6412575,-79.4202809,2013-04-06 06:15,2013-04-06 10:30,complete,false,false
43.702157,-79.406978,2013-04-06 07:15,2013-04-06 11:14,complete,true,false
43.685253,-79.305561,2013-04-06 12:37,2013-04-06 16:37,complete,true,false
43.660318,-79.364304,2013-04-06 15:51,2013-04-06 19:51,complete,true,false
43.633627,-79.414353,2013-04-06 18:13,2013-04-06 22:12,complete,true,false
43.633979,-79.41352,2013-04-06 18:18,2013-04-06 22:18,complete,true,false
43.6691007,-79.3876006,2013-04-06 18:48,2013-04-06 22:48,complete,false,false
43.613728,-79.507525,2013-04-06 20:03,2013-04-07 00:04,complete,true,false
43.69704,-79.409029,2013-04-06 20:42,2013-04-07 00:42,complete,true,false
43.7554368,-79.3031586,2013-04-06 23:15,2013-04-07 03:16,complete,false,false
43.6371885,-79.4698288,2013-04-06 23:59,2013-04-07 10:45,complete,false,false
43.673233,-79.435937,2013-04-07 01:39,2013-04-07 05:40,complete,true,false
43.679433,-79.486798,2013-04-07 04:59,2013-04-07 09:00,complete,true,false
43.6318018,-79.3972944,2013-04-07 08:45,2013-04-07 21:45,complete,false,false
43.667713,-79.381065,2013-04-07 17:01,2013-04-07 21:01,complete,true,false
43.7404215,-79.2675844,2013-04-08 07:25,2013-04-08 11:25,complete,false,false
43.6547301,-79.3946911,2013-04-08 09:43,2013-04-09 13:44,cancelled,false,false
43.650584,-79.397052,2013-04-08 14:33,2013-04-08 18:37,complete,true,false
43.7515828,-79.2481894,2013-04-08 16:01,2013-04-08 21:20,complete,false,false
43.72853,-79.577438,2013-04-08 17:34,2013-04-09 09:15,complete,false,false
43.658044,-79.398763,2013-04-08 21:40,2013-04-09 01:40,complete,true,false
43.664764,-79.399391,2013-04-08 22:20,2013-04-09 02:20,complete,true,false
43.702157,-79.406978,2013-04-09 08:01,2013-04-09 12:01,complete,true,false
43.6458392,-79.3930797,2013-04-09 11:27,2014-04-09 15:28,cancelled,false,true
43.6484465,-79.3974211,2013-04-09 11:45,2013-04-09 16:00,complete,false,false
43.658028,-79.378303,2013-04-09 17:19,2013-04-09 21:19,complete,true,false
43.648545,-79.386642,2013-04-09 17:43,2013-04-09 21:42,cancelled,true,false
43.648752,-79.38709,2013-04-09 17:44,2013-04-09 21:43,complete,true,false
43.68865,-79.411678,2013-04-09 19:44,2013-04-09 23:44,complete,true,false
43.6492886,-79.4885323,2013-04-09 21:00,2013-04-10 10:00,complete,false,false
43.664551,-79.399241,2013-04-10 00:44,2013-04-10 04:44,complete,true,false
43.652588,-79.375443,2013-04-10 12:30,2013-04-10 16:30,complete,true,false
43.6469106,-79.3743409,2013-04-10 17:55,2013-04-10 21:56,complete,false,false
43.655831,-79.37713,2013-04-10 18:19,2013-04-10 22:19,cancelled,true,false
43.665076,-79.398699,2013-04-10 18:46,2013-04-10 22:46,cancelled,true,false
43.64536,-79.419466,2013-04-10 22:17,2013-04-11 02:16,complete,true,false
43.6671478,-79.3825709,2013-04-10 23:37,2013-04-11 03:38,cancelled,false,false
43.6363687,-79.4047174,2013-04-11 15:22,2013-04-11 21:30,complete,false,false
43.7480985,-79.3373883,2013-04-11 19:12,2013-04-12 09:30,complete,false,false
43.657938,-79.372483,2013-04-12 00:25,2013-04-12 04:25,complete,true,false
43.702157,-79.406978,2013-04-12 04:50,2013-04-12 08:50,complete,true,false
43.7086272,-79.4145616,2013-04-12 09:22,2013-04-12 13:30,complete,false,false
43.6774276,-79.427806,2013-04-12 09:29,2013-04-12 14:45,complete,false,false
43.7713085,-79.2607176,2013-04-12 11:33,2013-04-17 11:00,complete,false,false
43.685816,-79.328518,2013-04-12 16:14,2013-04-12 20:14,complete,true,false
43.684379,-79.328088,2013-04-12 16:16,2013-04-12 20:16,complete,true,false
43.713389,-79.326298,2013-04-12 17:57,2013-04-12 21:57,complete,true,false
43.654641,-79.394761,2013-04-13 00:25,2013-04-13 04:25,complete,true,true
43.726778,-79.264641,2013-04-13 02:34,2013-04-13 06:34,complete,true,false
43.702104,-79.407175,2013-04-13 07:14,2013-04-13 11:14,complete,true,false
43.656074,-79.393494,2013-04-13 19:13,2013-04-13 23:15,complete,true,false
43.70374,-79.399944,2013-04-13 19:29,2013-04-13 23:28,complete,true,false
43.729911,-79.467471,2013-04-13 22:37,2013-04-14 02:37,complete,true,false
43.664991,-79.3727744,2013-04-13 23:30,2013-04-14 03:31,complete,false,false
43.672312,-79.40454,2013-04-14 12:30,2013-04-14 16:30,complete,true,false
43.649468,-79.383988,2013-04-14 13:41,2013-04-14 17:41,complete,true,false
43.6545362,-79.3867872,2013-04-14 18:28,2013-04-14 22:28,complete,false,false
43.701973,-79.40803,2013-04-14 19:53,2013-04-14 23:52,cancelled,true,false
43.701957,-79.407933,2013-04-15 08:19,2013-04-15 12:19,cancelled,true,false
43.7348576,-79.6097349,2013-04-15 12:00,2013-04-15 16:15,complete,false,false
43.702273,-79.287772,2013-04-16 01:14,2013-04-16 05:13,cancelled,true,false
43.702157,-79.406978,2013-04-16 04:22,2013-04-16 08:22,complete,true,false
43.7847144,-79.1960024,2013-04-16 10:20,2013-04-17 11:00,complete,false,false
43.6978214,-79.2999025,2013-04-16 13:15,2013-04-16 17:15,cancelled,false,false
43.6978214,-79.2999025,2013-04-16 13:21,2013-04-16 17:30,complete,false,false
43.6409,-79.394868,2013-04-17 20:16,2013-04-18 00:16,cancelled,true,false
43.6496204,-79.3700928,2013-04-17 22:58,2013-04-18 08:30,complete,false,false
43.67066,-79.404372,2013-04-18 00:35,2013-04-18 04:35,cancelled,true,false
43.6633304,-79.4313317,2013-04-18 08:09,2013-04-18 13:30,complete,false,false
43.654584,-79.368587,2013-04-18 10:18,2013-04-18 14:18,cancelled,true,true
43.6547301,-79.3946911,2013-04-18 10:26,2013-04-19 14:28,cancelled,false,false
43.6547301,-79.3946911,2013-04-18 10:53,2013-04-19 14:56,cancelled,false,false
43.6818984,-79.391335,2013-04-18 15:41,2013-04-18 20:15,complete,false,false
43.7089278,-79.4086521,2013-04-18 19:29,2013-04-18 23:50,complete,false,false
43.7239293,-79.3928972,2013-04-19 06:31,2013-04-19 10:40,complete,false,false
43.6877229,-79.3717721,2013-04-19 12:23,2013-04-19 16:25,complete,false,false
43.662577,-79.40202,2013-04-19 12:52,2013-04-19 16:52,complete,true,false
43.667713,-79.381065,2013-04-19 14:05,2013-04-19 18:05,complete,true,false
43.6561507,-79.3842642,2013-04-19 20:46,2013-04-20 15:30,complete,false,false
43.69704,-79.409029,2013-04-20 18:17,2013-04-20 22:17,cancelled,true,false
43.661134,-79.415241,2013-04-20 19:46,2013-04-20 23:45,complete,true,false
43.666648,-79.40347,2013-04-20 20:15,2013-04-21 00:15,complete,true,false
43.69704,-79.409029,2013-04-20 21:38,2013-04-21 01:38,complete,true,false
43.716486,-79.32445,2013-04-21 00:29,2013-04-21 04:29,cancelled,true,false
43.726896,-79.385807,2013-04-21 00:58,2013-04-21 04:58,cancelled,true,false
43.686022,-79.403858,2013-04-21 05:29,2013-04-21 09:29,complete,true,false
43.6419033,-79.4105627,2013-04-21 18:53,2013-04-22 11:00,complete,false,false
43.6871586,-79.3012126,2013-04-22 01:57,2013-05-01 05:59,complete,false,false
43.7587551,-79.4635684,2013-04-22 22:09,2013-04-23 07:45,complete,false,false
43.650988,-79.377019,2013-04-23 03:26,2013-04-23 07:26,cancelled,true,false
43.6714962,-79.3798893,2013-04-23 11:16,2013-04-23 15:45,complete,false,false
43.6547301,-79.3946911,2013-04-23 12:42,2013-04-24 16:44,cancelled,false,false
43.693073,-79.403429,2013-04-23 14:21,2013-04-23 19:30,complete,false,false
43.656732,-79.360155,2013-04-24 13:07,2013-04-24 17:07,complete,true,false
43.692049,-79.425595,2013-04-24 23:04,2013-04-25 03:04,complete,true,false
43.654414,-79.39504,2013-04-25 12:50,2013-04-25 16:50,complete,true,true
43.654414,-79.39504,2013-04-25 12:58,2013-04-25 16:58,cancelled,true,true
43.649323,-79.386596,2013-04-25 13:35,2013-04-25 17:34,complete,true,false
43.649339,-79.38674,2013-04-25 13:35,2013-04-25 17:35,complete,true,false
43.6548826,-79.341325,2013-04-25 15:01,2013-04-25 20:00,complete,false,false
43.6521816,-79.4797429,2013-04-25 20:51,2013-04-26 10:30,complete,false,false
43.660318,-79.364304,2013-04-27 01:14,2013-04-27 05:14,complete,true,false
46.348323,-72.56942,2013-04-27 14:02,2013-04-27 18:02,cancelled,true,false
43.6858853,-79.4939374,2013-04-27 17:24,2013-04-28 00:00,complete,false,false
43.6638413,-79.4357031,2013-04-27 19:07,2013-04-27 23:08,complete,false,false
43.660069,-79.396888,2013-04-27 21:07,2013-04-28 01:07,complete,true,false
43.6864452,-79.419048,2013-04-28 00:29,2013-04-28 04:30,complete,false,false
43.7617209,-79.4178289,2013-04-28 00:37,2013-04-28 04:39,complete,false,false
43.644828,-79.406104,2013-04-28 03:21,2013-04-28 07:20,complete,true,false
43.768383,-79.368432,2013-04-28 15:52,2013-04-28 19:52,complete,true,false
43.768979,-79.370598,2013-04-28 16:14,2013-04-28 20:14,complete,true,false
43.768044,-79.368305,2013-04-28 16:15,2013-04-28 20:15,complete,true,false
43.6766934,-79.3525117,2013-04-29 07:53,2013-04-29 11:55,complete,false,false
43.6542904,-79.3854518,2013-04-29 18:08,2013-04-29 22:15,complete,false,false
43.6875073,-79.3281689,2013-04-30 08:41,2013-04-30 12:42,complete,false,false
43.660318,-79.364304,2013-04-30 11:52,2013-04-30 15:51,complete,true,false
43.6856155,-79.3944558,2013-04-30 12:47,2013-04-30 17:00,complete,false,false
43.64909,-79.386832,2013-05-01 00:50,2013-05-01 04:50,complete,true,false
43.7584761,-79.4133081,2013-05-01 13:02,2013-05-02 21:00,finding,false,false
43.7784959,-79.3342912,2013-05-01 13:19,2013-05-01 17:30,complete,false,false
43.7195122,-79.4080462,2013-05-02 05:24,2013-05-02 10:00,complete,false,false
43.123123,-83.123123,2012-10-30 16:50,2012-09-28 21:53,complete,false,true
43.123123,-83.123123,2012-10-30 16:50,2012-09-28 21:53,complete,false,true
43.123123,-83.123123,2012-10-30 16:50,2012-09-28 21:53,complete,false,true
43.123123,-83.123123,2012-10-30 18:42,2012-09-28 21:53,complete,false,true
43.123123,-83.123123,2012-10-30 18:42,2012-09-28 21:53,complete,false,true
43.123123,-83.123123,2012-10-30 18:47,2012-09-28 21:53,complete,false,true
43.123123,-83.123123,2012-10-30 18:50,2012-09-28 21:53,complete,false,true
43.123123,-83.123123,2012-10-30 18:51,2012-09-28 21:53,complete,false,true
43.123123,-83.123123,2012-10-30 18:52,2012-09-28 21:53,complete,false,true
0,0,2012-10-30 18:53,2012-10-30 22:46,complete,false,true
0,0,2012-10-31 19:09,2012-10-31 23:09,complete,false,true
0,0,2012-10-31 19:12,2012-10-31 23:11,complete,false,true
0,0,2012-10-31 19:15,2012-10-31 23:15,complete,false,true
0,0,2012-10-31 19:18,2012-10-31 23:18,complete,false,true
0,0,2012-11-02 12:31,2012-11-02 16:32,complete,false,true
43.123123,-83.123123,2012-11-02 12:38,2012-09-28 21:53,complete,false,true
43.123123,-83.123123,2012-11-02 12:39,2012-09-28 21:53,complete,false,true
43.123123,-83.123123,2012-11-02 12:39,2012-09-28 21:53,complete,false,true
43.123123,-83.123123,2012-11-02 12:39,2012-09-28 21:53,complete,false,true
43.123123,-83.123123,2012-11-02 12:39,2012-09-28 21:53,complete,false,true
43.123123,-83.123123,2012-11-02 12:39,2012-09-28 21:53,complete,false,true
43.123123,-83.123123,2012-11-02 12:40,2012-09-28 21:53,complete,false,true
43.123123,-83.123123,2012-11-02 12:40,2012-09-28 21:53,complete,false,true
43.123123,-83.123123,2012-11-02 12:40,2012-09-28 21:53,complete,false,true
43.123123,-83.123123,2012-11-02 12:40,2012-09-28 21:53,complete,false,true
43.123123,-83.123123,2012-11-02 12:40,2012-09-28 21:53,complete,false,true
43.123123,-83.123123,2012-11-02 12:40,2012-09-28 21:53,complete,false,true
43.123123,-83.123123,2012-11-02 12:40,2012-09-28 21:53,complete,false,true
43.123123,-83.123123,2012-11-02 12:40,2012-09-28 21:53,complete,false,true
43.123123,-83.123123,2012-11-02 12:40,2012-09-28 21:53,complete,false,true
43.123123,-83.123123,2012-11-02 12:40,2012-09-28 21:53,complete,false,true
43.123123,-83.123123,2012-11-02 12:40,2012-09-28 21:53,complete,false,true
43.123123,-83.123123,2012-11-02 12:40,2012-09-28 21:53,complete,false,true
43.123123,-83.123123,2012-11-02 12:40,2012-09-28 21:53,complete,false,true
43.123123,-83.123123,2012-11-02 12:40,2012-09-28 21:53,complete,false,true
43.123123,-83.123123,2012-11-02 12:44,2012-09-28 21:53,complete,false,true
43.123123,-83.123123,2012-11-02 14:32,2012-09-28 21:53,complete,false,true
43.123123,-83.123123,2012-11-02 14:32,2012-09-28 21:53,complete,false,true
43.123123,-83.123123,2012-11-02 14:32,2012-09-28 21:53,complete,false,true
43.123123,-83.123123,2012-11-02 14:32,2012-09-28 21:53,complete,false,true
43.123123,-83.123123,2012-11-02 14:32,2012-09-28 21:53,complete,false,true
43.123123,-83.123123,2012-11-02 14:32,2012-09-28 21:53,complete,false,true
43.123123,-83.123123,2012-11-02 14:32,2012-09-28 21:53,complete,false,true
43.123123,-83.123123,2012-11-02 14:32,2012-09-28 21:53,complete,false,true
43.123123,-83.123123,2012-11-02 14:32,2012-09-28 21:53,complete,false,true
43.123123,-83.123123,2012-11-02 14:32,2012-09-28 21:53,complete,false,true
43.123123,-83.123123,2012-11-02 14:32,2012-09-28 21:53,complete,false,true
43.123123,-83.123123,2012-11-02 14:32,2012-09-28 21:53,complete,false,true
43.123123,-83.123123,2012-11-02 14:32,2012-09-28 21:53,complete,false,true
43.123123,-83.123123,2012-11-02 14:32,2012-09-28 21:53,complete,false,true
43.123123,-83.123123,2012-11-02 14:33,2012-09-28 21:53,complete,false,true
43.000123,-79.000123,2012-11-02 20:32,2012-11-02 21:42,complete,false,true
0,0,2012-11-05 02:57,2012-11-05 07:56,complete,false,true
0,0,2012-11-05 02:57,2012-11-05 07:57,complete,false,true
0,0,2012-11-05 09:34,2012-11-05 14:34,complete,false,true
0,0,2012-11-05 09:34,2012-11-05 14:34,complete,false,true
0,0,2012-11-05 09:35,2012-11-05 14:35,complete,false,true
0,0,2012-11-05 09:36,2012-11-05 14:36,complete,false,true
0,0,2012-11-05 09:42,2012-11-05 14:42,complete,false,true
0,0,2012-11-05 09:54,2012-11-05 14:55,complete,false,true
0,0,2012-11-05 10:00,2012-11-05 15:00,complete,false,false
0,0,2012-11-05 11:33,2012-11-05 16:34,complete,false,false
0,0,2012-11-05 15:40,2012-11-05 20:39,complete,false,true
0,0,2012-11-05 15:40,2012-11-05 20:39,complete,false,true
0,0,2012-11-05 15:42,2012-11-05 20:41,complete,false,true
0,0,2012-11-05 15:56,2012-11-05 20:39,complete,false,true
0,0,2012-11-05 15:56,2012-11-05 20:39,complete,false,true
0,0,2012-11-05 16:22,2012-11-05 21:22,complete,false,true
0,0,2012-11-05 17:07,2012-11-05 22:06,complete,false,true
0,0,2012-11-05 17:10,2012-11-05 22:10,complete,false,true
0,0,2012-11-05 17:11,2012-11-05 22:11,complete,false,true
0,0,2012-11-05 17:12,2012-11-05 22:12,complete,false,true
0,0,2012-11-05 17:18,2012-11-05 22:18,complete,false,true
0,0,2012-11-05 17:20,2012-11-05 22:20,complete,false,true
0,0,2012-11-05 17:21,2012-11-05 22:21,complete,false,true
0,0,2012-11-05 17:22,2012-11-05 22:22,complete,false,true
0,0,2012-11-05 17:29,2012-11-05 22:29,complete,false,true
0,0,2012-11-05 17:31,2012-11-05 22:30,complete,false,true
0,0,2012-11-05 17:42,2012-11-05 22:41,complete,false,true
0,0,2012-11-05 17:42,2012-11-05 22:42,complete,false,true
0,0,2012-11-05 17:44,2012-11-05 22:44,complete,false,true
0,0,2012-11-05 17:44,2012-11-05 22:44,complete,false,true
0,0,2012-11-05 19:03,2012-11-06 00:02,complete,false,true
0,0,2012-11-05 19:03,2012-11-06 00:03,complete,false,true
0,0,2012-11-05 19:12,2012-11-06 00:12,complete,false,true
0,0,2012-11-05 19:13,2012-11-06 00:13,complete,false,true
0,0,2012-11-05 19:13,2012-11-06 00:13,complete,false,true
0,0,2012-11-06 17:57,2012-11-06 22:58,complete,false,true
0,0,2012-11-06 18:00,2012-11-06 23:01,complete,false,true
0,0,2012-11-07 17:18,2012-11-07 22:19,complete,false,true
0,0,2012-11-07 17:19,2012-11-07 22:19,complete,false,true
0,0,2012-11-12 18:27,2012-11-12 23:28,complete,false,true
0,0,2012-11-13 00:59,2012-11-13 05:59,complete,false,true
0,0,2012-11-14 15:46,2012-11-14 20:45,complete,false,true
0,0,2012-11-22 18:11,2012-11-22 23:10,complete,false,true
0,0,2012-11-22 18:30,2012-11-22 23:29,complete,false,true
0,0,2012-11-22 21:50,2012-11-23 02:50,complete,false,true
43.655854,-79.384381,2013-05-02 16:24,2013-05-02 20:24,cancelled,true,false
43.7233731,-79.3880381,2013-05-02 19:24,2013-05-02 23:27,complete,false,false
43.64909,-79.386832,2013-05-03 00:43,2013-05-03 04:43,complete,true,false
43.6628388,-79.3342775,2013-05-03 09:42,2013-05-03 13:44,finding,false,false
43.661035,-79.364846,2013-05-03 18:22,2013-05-03 22:22,complete,true,false
43.6758776,-79.4154421,2013-05-04 09:30,2013-05-04 13:45,finding,false,false
43.676115,-79.336706,2013-05-04 18:53,2013-05-04 22:53,complete,true,false
43.7089278,-79.4086521,2013-05-04 19:11,2013-05-04 23:55,finding,false,false
43.759327,-79.384325,2013-05-04 19:01,2013-05-04 23:01,complete,true,false
43.6726246,-79.3191883,2013-05-04 21:39,2013-05-05 01:41,complete,false,false
43.740751,-79.405673,2013-05-04 21:54,2013-05-05 01:53,complete,true,false
43.773315,-79.422003,2013-05-04 23:11,2013-05-05 03:11,complete,true,false
44.37907,-79.731164,2013-05-05 01:00,2013-05-05 05:00,cancelled,true,false
43.647378,-79.3531,2013-05-05 01:00,2013-05-05 05:00,cancelled,true,false
43.6760085,-79.4625099,2013-05-05 02:03,2013-05-05 06:04,complete,false,false
43.6675153,-79.407407,2013-05-05 17:24,2013-06-04 08:00,cancelled,false,false
43.654414,-79.39504,2013-05-05 18:49,2013-05-05 22:49,complete,true,false
43.6462662,-79.4732655,2013-05-05 20:53,2013-05-06 00:54,complete,false,false
43.664073,-79.361092,2013-05-05 21:05,2013-05-06 01:06,complete,true,false
43.7898743,-79.2299724,2013-05-07 13:17,2013-05-07 18:00,finding,false,false
43.644328,-79.367493,2013-05-07 16:15,2013-05-07 20:14,complete,true,false
43.64317,-79.367002,2013-05-07 16:24,2013-05-07 20:24,cancelled,true,false
43.6462675,-79.3917085,2013-05-07 22:43,2013-06-08 14:00,finding,false,false
43.654607,-79.394758,2013-05-08 01:36,2013-05-08 05:36,cancelled,true,false
43.654635,-79.39472,2013-05-08 01:48,2013-05-08 05:48,cancelled,true,false
43.654414,-79.39504,2013-05-08 01:51,2013-05-08 05:50,cancelled,true,false
43.6532163,-79.3899176,2013-05-08 14:33,2013-05-08 19:30,finding,false,false
43.693073,-79.403429,2013-05-08 14:48,2013-05-08 19:15,finding,false,false
43.6762085,-79.3858305,2013-05-08 16:41,2013-05-08 20:43,complete,false,false
43.654579,-79.394787,2013-05-09 09:49,2013-05-09 13:49,complete,true,false
43.7222138,-79.396059,2013-05-09 15:15,2013-05-09 19:30,complete,false,false
43.6698368,-79.4025841,2013-05-09 23:50,2013-05-10 10:30,finding,false,false
43.662881,-79.334459,2013-05-10 07:43,2013-05-10 11:43,complete,true,false
43.6576575,-79.492434,2013-03-22 23:19,2013-03-23 10:45,cancelled,false,false
43.641426,-79.391611,2013-05-10 13:33,2013-05-10 17:33,cancelled,true,false
43.6654487,-79.4687692,2013-05-10 14:32,2013-05-10 18:35,complete,false,false
43.6795097,-79.3602555,2013-05-10 18:13,2013-05-10 22:15,finding,false,false
43.64814,-79.399377,2013-05-10 18:32,2013-05-10 22:32,cancelled,true,false
43.648091,-79.399274,2013-05-10 18:37,2013-05-10 22:37,cancelled,true,false
43.6795097,-79.3602555,2013-05-10 18:26,2013-05-10 22:27,complete,false,false
43.634491,-79.433745,2013-05-10 19:46,2013-05-10 23:48,cancelled,true,false
43.66883,-79.384821,2013-05-10 22:24,2013-05-11 02:24,complete,true,true
43.7089278,-79.4086521,2013-05-11 17:47,2013-05-11 22:10,finding,false,false
43.6860118,-79.4473585,2013-05-12 07:09,2013-05-12 11:10,complete,false,false
43.7239293,-79.3928972,2013-05-12 16:52,2013-05-12 21:05,complete,false,false
43.6462662,-79.4732655,2013-05-12 18:27,2013-05-12 22:29,complete,false,false
43.673458,-79.2853868,2013-05-12 21:58,2013-05-13 23:15,cancelled,false,false
43.673458,-79.2853868,2013-05-12 22:08,2013-05-13 11:15,finding,false,false
43.670142,-79.376245,2013-05-13 06:18,2013-05-13 10:18,cancelled,true,false
43.670471,-79.376285,2013-05-13 06:19,2013-05-13 10:19,finding,true,false
43.6493113,-79.3855754,2013-05-13 12:15,2013-05-15 16:00,finding,false,false
43.7154543,-79.3969359,2013-05-14 01:22,2013-05-14 05:24,complete,false,false
43.645806,-79.368477,2013-05-14 21:20,2013-05-15 10:00,finding,false,false
43.6679875,-79.40312,2013-05-15 11:06,2013-05-16 08:30,finding,false,false
43.6658366,-79.4605746,2013-05-16 04:44,2013-05-16 09:00,finding,false,false
43.664116,-79.33693,2013-05-16 19:14,2013-05-16 23:14,cancelled,true,false
43.684379,-79.328088,2013-05-16 20:21,2013-05-17 00:21,complete,true,false
43.7063984,-79.4015606,2013-05-16 21:03,2013-05-17 09:15,finding,false,false
43.6568103,-79.4276525,2013-05-16 21:26,2013-05-17 10:15,finding,false,false
43.6856708,-79.4326998,2013-05-17 13:32,2013-05-18 11:30,finding,false,false
43.676587,-79.392273,2013-05-17 16:10,2013-05-17 20:10,cancelled,true,false
43.654577,-79.394707,2013-05-17 23:25,2013-05-18 03:25,cancelled,true,false
43.6767643,-79.2855473,2013-05-18 00:16,2013-05-18 04:17,complete,false,false
0,0,2013-05-18 05:04,2013-05-18 09:07,cancelled,false,false
43.759327,-79.384325,2013-05-18 19:03,2013-05-18 23:03,complete,true,false
43.696254,-79.2917458,2013-05-18 21:47,2013-05-20 17:00,cancelled,false,false
43.670916,-79.393371,2013-05-18 22:58,2013-05-19 02:58,cancelled,true,false
43.662525,-79.340531,2013-05-18 23:26,2013-05-19 03:26,complete,true,false
43.6730101,-79.3904927,2013-05-19 00:46,2013-05-19 04:47,complete,false,false
43.8006021,-79.334744,2013-05-19 22:53,2013-05-20 03:00,cancelled,false,false
43.654515,-79.394749,2013-05-19 23:27,2013-05-20 03:27,complete,true,false
43.639422,-79.393982,2013-05-19 23:44,2013-05-20 03:44,cancelled,true,false
43.709625,-79.388208,2013-05-20 00:10,2013-05-20 04:10,complete,true,false
43.6515544,-79.3733789,2013-05-20 12:47,2013-05-21 16:50,cancelled,false,false
43.7054303,-79.3925428,2013-05-20 18:47,2013-05-21 10:30,finding,false,false
43.7059444,-79.3898408,2013-05-20 22:29,2013-05-21 10:50,finding,false,false
45.548011,-73.72828,2013-05-20 23:33,2013-05-21 03:33,cancelled,true,false
43.689406,-79.522168,2013-05-21 00:05,2013-05-21 04:05,cancelled,true,false
43.6915331,-79.320017,2013-04-03 08:15,2013-04-04 09:25,cancelled,false,false
0,0,2013-05-21 07:33,2013-05-21 11:45,cancelled,false,false
43.644331,-79.385982,2013-05-21 09:52,2013-05-21 13:52,complete,true,false
43.662964,-79.408184,2013-05-21 21:47,2013-05-22 01:46,cancelled,true,false
43.717686,-79.577767,2013-05-22 05:57,2013-05-22 09:57,cancelled,true,false
43.647411,-79.386367,2013-05-22 22:59,2013-05-23 02:59,cancelled,true,false
43.654621,-79.394802,2013-05-23 03:55,2013-05-23 07:55,cancelled,true,false
43.7275239,-79.3976937,2013-05-23 19:35,2013-05-23 23:37,finding,false,false
43.640163,-79.349433,2013-05-23 22:34,2013-05-24 02:35,complete,true,false
43.6722065,-79.4933366,2013-05-24 02:25,2013-05-24 06:25,finding,false,false
43.69486,-79.39708,2013-05-24 03:49,2013-05-24 07:48,complete,true,false
43.693791,-79.4386162,2013-05-24 08:03,2013-05-24 12:05,complete,false,false
43.6718627,-79.4128307,2013-05-24 17:56,2013-05-24 21:58,cancelled,false,false
43.7275239,-79.3976937,2013-05-24 21:33,2013-05-25 01:36,complete,false,false
43.6760367,-79.4088278,2013-05-24 23:09,2013-05-25 03:10,complete,false,false
43.65455,-79.394782,2013-05-25 00:05,2013-05-25 04:05,complete,true,false
43.712774,-79.580149,2013-05-25 05:13,2013-05-25 09:13,cancelled,true,false
43.712774,-79.580149,2013-05-25 05:15,2013-05-25 09:15,cancelled,true,false
43.699316,-79.580937,2013-05-25 05:29,2013-05-25 09:29,cancelled,true,false
43.709584,-79.580218,2013-05-25 05:32,2013-05-25 09:31,cancelled,true,false
43.727658,-79.397817,2013-05-25 18:36,2013-05-25 22:36,complete,true,false
43.666111,-79.435616,2013-05-25 18:30,2013-05-25 22:30,complete,true,false
43.8041362,-79.3829048,2013-05-25 23:05,2013-05-26 03:07,cancelled,false,false
43.705042,-79.401613,2013-05-25 23:14,2013-05-26 03:14,complete,true,false
43.6872114,-79.3705201,2013-05-25 23:31,2013-05-26 03:33,cancelled,false,false
43.729032,-79.411517,2013-05-25 23:42,2013-05-26 03:42,cancelled,true,false
43.729168,-79.411401,2013-05-25 23:54,2013-05-26 03:54,cancelled,true,false
43.676115,-79.336706,2013-05-26 01:02,2013-05-26 05:02,complete,true,false
43.657573,-79.479772,2013-05-26 00:40,2013-05-26 04:40,complete,true,false
43.676127,-79.336638,2013-05-26 01:16,2013-05-26 05:16,complete,true,false
43.648887,-79.388224,2013-05-26 02:41,2013-05-26 06:41,cancelled,true,false
43.6693348,-79.4005377,2013-05-26 12:05,2013-05-26 16:07,cancelled,false,false
0,0,2012-12-22 00:26,2012-12-22 05:25,complete,false,false
43.6594645,-79.4220851,2013-05-26 21:57,2013-05-27 11:00,finding,false,false
43.783175,-79.550307,2013-05-27 00:12,2013-05-27 04:12,cancelled,true,false
43.699332,-79.318727,2013-05-27 08:35,2013-05-27 12:35,cancelled,true,false
43.766206,-79.3900576,2013-05-27 15:55,2013-05-27 21:00,finding,false,false
43.654554,-79.394748,2013-05-27 20:26,2013-05-28 00:25,complete,true,false
43.736615,-79.370932,2013-05-27 21:54,2013-05-28 01:54,complete,true,true
43.7643661,-79.5147635,2013-05-27 22:00,2013-05-31 11:00,cancelled,false,false
43.7643661,-79.5147635,2013-05-27 22:01,2013-05-31 11:00,finding,false,false
43.736172,-79.370528,2013-05-27 22:06,2013-05-28 02:06,complete,true,true
43.6858073,-79.3828363,2013-05-28 07:08,2013-05-28 11:10,complete,false,false
43.712494,-79.579887,2013-05-28 07:23,2013-05-28 11:23,cancelled,true,false
43.6507539,-79.3703568,2013-05-28 09:37,2013-05-28 15:25,cancelled,false,false
43.6458392,-79.3930797,2013-05-28 12:36,2013-07-28 16:39,cancelled,false,true
43.64457,-79.3938666,2013-05-28 14:16,2013-05-28 18:45,cancelled,false,false
43.6471631,-79.434365,2013-05-28 18:34,2013-05-28 22:35,complete,false,false
43.6590495,-79.4815398,2013-05-28 22:29,2013-05-29 10:15,finding,false,false
43.64775,-79.41859,2013-05-29 00:41,2013-05-29 04:41,cancelled,true,false
43.765747,-79.409988,2013-05-29 09:21,2013-05-30 12:00,finding,false,false
43.6654487,-79.4687692,2013-05-29 11:04,2013-05-29 15:06,complete,false,false
43.727332,-79.277574,2013-05-29 12:12,2013-05-30 18:30,finding,false,false
43.727332,-79.277574,2013-05-29 12:14,2013-05-30 18:30,finding,false,false
43.727332,-79.277574,2013-05-29 12:50,2013-05-30 18:00,cancelled,false,false
43.6535028,-79.3841333,2013-05-29 17:39,2013-05-29 22:30,finding,false,false
43.6435264,-79.393637,2013-05-30 11:10,2013-05-30 16:15,finding,false,false
0,0,2013-05-30 14:39,2013-05-30 18:42,cancelled,false,false
43.671846,-79.2961022,2013-05-30 14:44,2013-05-30 19:00,finding,false,false
43.6659389,-79.3730485,2013-05-30 15:41,2013-05-30 19:44,finding,false,false
43.665157,-79.39916,2013-05-30 18:09,2013-05-30 22:09,complete,true,false
43.668248,-79.384676,2013-05-30 18:32,2013-05-30 22:32,cancelled,true,false
43.668756,-79.384491,2013-05-30 18:33,2013-05-30 22:33,complete,true,false
43.6700605,-79.3784642,2013-05-30 23:58,2013-05-31 12:30,finding,false,false
43.725893,-79.4532,2013-05-31 07:12,2013-05-31 11:20,complete,false,false
43.653738,-79.467741,2013-05-31 08:49,2013-05-31 12:49,complete,true,false
43.6654487,-79.4687692,2013-05-31 08:51,2013-05-31 12:54,complete,false,false
43.6785652,-79.4455217,2013-05-31 17:21,2013-06-01 10:30,finding,false,false
43.664838,-79.398567,2013-05-31 17:30,2013-05-31 21:29,cancelled,true,false
43.679814,-79.400197,2013-05-31 21:42,2013-06-01 01:42,complete,true,false
43.722027,-79.392069,2013-05-31 22:54,2013-06-01 02:54,complete,true,false
43.652165,-79.369045,2013-05-31 23:45,2013-06-01 03:45,cancelled,true,false
43.647487,-79.390168,2013-06-01 01:04,2013-06-01 05:04,cancelled,true,false
43.7290655,-79.427699,2013-06-01 07:40,2013-06-01 11:39,cancelled,false,false
43.6700605,-79.3784642,2013-06-01 14:52,2013-06-01 21:45,finding,false,false
43.661035,-79.364846,2013-06-01 15:55,2013-06-01 19:55,complete,true,false
43.642675,-79.384908,2013-06-01 18:18,2013-06-01 22:18,complete,true,false
43.660232,-79.398227,2013-06-01 18:50,2013-06-01 22:50,complete,true,false
43.709007,-79.388171,2013-06-01 23:16,2013-06-02 03:16,cancelled,true,false
43.714485,-79.413529,2013-06-02 00:17,2013-06-02 04:16,cancelled,true,false
43.646998,-79.389099,2013-06-02 02:22,2013-06-02 06:21,cancelled,true,false
43.645305,-79.388627,2013-06-02 02:32,2013-06-02 06:32,cancelled,true,false
43.6622988,-79.4114057,2013-06-02 03:10,2013-06-02 07:13,cancelled,false,false
43.645574,-79.381643,2013-06-02 03:44,2013-06-02 07:45,complete,false,false
43.6736597,-79.4233392,2013-06-02 07:57,2013-06-02 12:00,complete,false,false
43.6700605,-79.3784642,2013-06-02 10:36,2013-06-02 17:00,finding,false,false
43.693791,-79.4386162,2013-06-03 07:08,2013-06-03 11:10,complete,false,false
43.64909,-79.386832,2013-06-03 10:22,2013-06-03 14:22,finding,true,false
43.7136359,-79.3922536,2013-06-03 12:01,2013-06-03 18:30,finding,false,false
43.681916,-79.611743,2013-06-04 07:02,2013-06-04 11:02,cancelled,true,false
43.7018857,-79.4086581,2013-06-05 10:53,2013-06-05 21:15,finding,false,false
43.6765214,-79.3768655,2013-06-05 22:23,2013-06-06 10:00,finding,false,false
43.6636403,-79.3947423,2013-06-06 09:45,2013-06-06 14:10,finding,false,false
43.6458392,-79.3930797,2013-06-06 11:00,2013-12-06 16:03,cancelled,false,true
43.6458392,-79.3930797,2013-06-06 11:46,2013-06-07 01:00,finding,false,true
43.7689197,-79.5043211,2013-06-06 12:11,2013-06-06 19:15,finding,false,false
43.6458392,-79.3930797,2013-06-06 12:32,2013-09-06 16:35,cancelled,false,true
43.6458392,-79.3930797,2013-06-06 12:37,2013-06-07 01:00,cancelled,false,true
43.6539233,-79.4479019,2013-06-06 13:25,2013-06-06 17:28,complete,false,false
43.6458392,-79.3930797,2013-06-06 14:24,2014-06-06 18:27,cancelled,false,false
43.6458392,-79.3930797,2013-06-06 14:28,2014-06-06 18:31,cancelled,false,false
43.654515,-79.394793,2013-06-06 15:05,2013-06-06 19:05,complete,true,false
43.722599,-79.3901577,2013-06-06 16:22,2013-06-06 23:30,finding,false,false
43.709237,-79.257565,2013-06-06 16:43,2013-06-06 20:43,cancelled,true,false
43.636271,-79.4054,2013-06-06 16:57,2013-06-06 20:57,complete,true,false
43.7204049,-79.4022091,2013-06-06 17:47,2013-06-06 22:30,cancelled,false,false
43.688444,-79.3786336,2013-06-06 17:33,2013-06-06 21:34,complete,false,false
43.6909712,-79.4150795,2013-06-06 18:44,2013-06-06 22:47,complete,false,false
43.701378,-79.400333,2013-06-06 22:11,2013-06-07 02:11,complete,true,false
43.647503,-79.388479,2013-06-06 23:40,2013-06-07 03:40,complete,true,false
43.6455735,-79.3989915,2013-06-07 13:43,2013-06-11 10:55,finding,false,false
43.647748,-79.370887,2013-06-07 17:13,2013-06-07 21:12,cancelled,true,false
43.680758,-79.4199,2013-06-07 19:10,2013-06-07 23:10,cancelled,true,false
43.6744022,-79.3998418,2013-06-07 20:53,2013-06-09 10:00,cancelled,false,false
43.7054063,-79.3089434,2013-06-07 21:46,2013-06-08 10:00,finding,false,false
43.64855,-79.452475,2013-06-07 21:27,2013-06-08 01:27,complete,true,false
43.700879,-79.404431,2013-06-07 22:04,2013-06-08 02:04,complete,true,false
43.721854,-79.392055,2013-06-07 23:01,2013-06-08 03:01,complete,true,false
43.691738,-79.376337,2013-06-07 23:53,2013-06-08 03:53,complete,true,false
43.685002,-79.306152,2013-06-08 00:34,2013-06-08 04:34,cancelled,true,false
43.680785,-79.285137,2013-06-08 00:35,2013-06-08 04:34,cancelled,true,false
43.6654487,-79.4687692,2013-06-08 06:30,2013-06-08 10:33,complete,false,false
43.6609026,-79.3649828,2013-06-08 08:54,2013-06-08 12:57,cancelled,false,false
43.672723,-79.522529,2013-06-08 17:52,2013-06-08 21:52,cancelled,true,false
43.648673,-79.452764,2013-06-08 21:06,2013-06-09 01:06,complete,true,false
43.6609026,-79.3649828,2013-06-08 21:49,2013-06-09 01:52,complete,false,false
43.64514,-79.361932,2013-06-09 01:30,2013-06-09 05:30,cancelled,true,false
43.6654487,-79.4687692,2013-06-09 06:36,2013-06-09 10:39,complete,false,false
43.682832,-79.399627,2013-06-09 11:55,2013-06-09 15:55,cancelled,true,false
43.65181,-79.369106,2013-06-09 13:10,2013-06-09 17:10,cancelled,true,false
43.6452762,-79.3804855,2013-06-09 20:34,2013-06-14 17:30,finding,false,false
43.6373816,-79.4286722,2013-06-09 22:44,2013-06-10 09:30,finding,false,false
43.7067664,-79.3687107,2013-06-10 21:03,2013-06-11 11:30,finding,false,false
43.6394267,-79.5370031,2013-06-11 06:18,2013-06-11 10:45,finding,false,false
43.636336,-79.405365,2013-06-11 07:52,2013-06-11 11:52,cancelled,true,false
43.65996,-79.362592,2013-06-11 17:44,2013-06-11 21:44,complete,true,false
43.6564965,-79.3997239,2013-06-12 04:41,2013-06-12 09:20,finding,false,false
43.6883012,-79.3926177,2013-04-26 14:40,2013-04-26 19:30,cancelled,false,false
43.6765214,-79.3768655,2013-06-12 23:11,2013-06-13 10:00,finding,false,false
43.6765214,-79.3768655,2013-06-12 23:13,2013-06-13 10:00,finding,false,false
43.6458392,-79.3930797,2013-06-13 19:48,2013-06-13 23:49,cancelled,false,true
43.7336229,-79.3960381,2013-06-14 06:16,2013-06-14 10:16,finding,false,false
43.6684244,-79.383016,2013-06-14 06:29,2013-06-14 12:20,finding,false,false
43.766206,-79.3900576,2013-06-14 12:30,2013-06-14 22:10,finding,false,false
43.7265951,-79.3966632,2013-06-14 17:08,2013-06-14 22:30,finding,false,false
43.6863312,-79.2940544,2013-06-14 23:04,2013-06-15 11:30,finding,false,false
43.652026,-79.36908,2013-06-14 23:54,2013-06-15 03:54,cancelled,true,false
43.717598,-79.391202,2013-06-15 00:44,2013-06-15 04:44,complete,true,false
43.6402232,-79.395951,2013-06-15 08:54,2013-06-15 14:00,finding,false,false
43.670252,-79.394317,2013-06-15 11:53,2013-06-15 15:53,cancelled,true,false
43.7029575,-79.4223695,2013-06-15 14:25,2013-06-15 18:30,complete,false,false
43.679915,-79.470214,2013-06-15 18:57,2013-06-15 22:57,cancelled,true,false
43.680848,-79.414759,2013-06-16 00:09,2013-06-16 04:09,complete,true,false
43.7725296,-79.2418475,2013-06-16 11:07,2013-06-17 10:00,finding,false,false
43.6457112,-79.3903998,2013-06-16 13:09,2013-06-16 17:09,cancelled,false,false
43.684274,-79.365365,2013-06-16 17:30,2013-06-16 21:30,cancelled,true,false
43.7104267,-79.3945362,2013-06-16 22:32,2013-06-17 10:00,finding,false,false
43.667407,-79.4146617,2013-06-17 03:11,2013-06-17 09:30,finding,false,false
43.6766934,-79.3525117,2013-06-17 07:47,2013-06-17 11:50,complete,false,false
43.7716014,-79.3213701,2013-06-17 09:18,2013-06-17 14:00,finding,false,false
43.6502141,-79.3729538,2013-06-17 12:46,2013-06-17 18:00,finding,false,false
43.6699149,-79.3797186,2013-06-18 08:15,2013-06-18 12:45,finding,false,false
43.6766934,-79.3525117,2013-06-18 08:00,2013-06-18 12:03,complete,false,false
43.7160106,-79.3684075,2013-03-13 20:50,2013-03-14 09:30,cancelled,false,false
43.693073,-79.403429,2013-06-18 16:08,2013-06-18 22:00,finding,false,false
43.777307,-79.3582172,2013-06-18 16:50,2013-06-19 08:45,finding,false,false
43.699976,-79.387537,2013-06-18 17:43,2013-06-18 21:43,complete,true,false
43.653172,-79.468564,2013-06-19 10:12,2013-06-19 14:12,complete,true,false
43.7746901,-79.3290262,2013-06-19 10:23,2013-06-19 17:30,finding,false,false
43.7093271,-79.4012961,2013-06-19 12:18,2013-06-19 16:18,complete,false,false
43.6413335,-79.4738426,2013-06-19 15:18,2013-06-19 19:21,complete,false,false
43.680848,-79.414759,2013-06-19 17:35,2013-06-19 21:35,complete,true,false
43.6602555,-79.4158298,2013-06-19 18:10,2013-06-19 22:11,cancelled,false,false
0,0,2013-06-19 19:22,2013-06-19 23:25,cancelled,false,false
43.728522,-79.403095,2013-06-19 22:03,2013-06-20 02:02,cancelled,true,false
0,0,2013-06-20 00:25,2013-06-20 04:28,cancelled,false,false
43.712493,-79.37826,2013-06-20 00:11,2013-06-20 04:11,complete,true,false
43.7797944,-79.3507825,2013-06-20 16:49,2013-06-20 21:05,finding,false,false
43.624022,-79.490653,2013-06-20 20:32,2013-06-21 00:32,complete,true,false
43.7814153,-79.4161241,2013-06-21 10:08,2013-06-21 17:30,finding,false,false
43.660851,-79.340489,2013-06-21 11:01,2013-06-21 15:01,complete,true,false
43.650458,-79.513354,2013-06-21 11:36,2013-06-21 15:36,cancelled,true,false
43.672226,-79.3227,2013-06-21 11:31,2013-06-21 15:31,complete,true,false
43.6651478,-79.4295402,2013-06-21 17:19,2013-06-22 13:30,finding,false,false
43.7304255,-79.4666896,2013-06-22 02:53,2013-06-22 08:30,finding,false,false
43.6417567,-79.3776015,2013-06-22 08:49,2013-06-27 22:55,cancelled,false,false
43.6462662,-79.4732655,2013-06-22 16:45,2013-06-22 20:49,complete,false,false
43.6712625,-79.314831,2013-06-22 19:44,2013-06-23 00:00,finding,false,false
43.6551501,-79.5722486,2013-06-22 20:31,2013-06-23 08:00,finding,false,false
43.7579876,-79.4097826,2013-06-22 22:28,2013-06-23 11:45,finding,false,false
43.6368311,-79.4706201,2013-06-22 23:08,2013-06-23 03:30,finding,false,false
43.71153,-79.369756,2013-06-23 00:11,2013-06-23 04:11,cancelled,true,false
43.711322,-79.369868,2013-06-23 00:12,2013-06-23 04:12,complete,true,false
43.6016928,-79.5166194,2013-06-23 02:43,2013-06-23 06:45,cancelled,false,false
43.7318337,-79.4041534,2013-06-23 15:19,2013-06-23 20:00,finding,false,false
43.681257,-79.414895,2013-06-23 16:47,2013-06-23 20:47,cancelled,true,false
43.681296,-79.414658,2013-06-23 16:58,2013-06-23 20:58,cancelled,true,false
0,0,2013-06-23 19:28,2013-06-23 23:32,cancelled,false,false
43.6534742,-79.3684001,2013-06-24 08:25,2013-06-24 12:45,finding,false,false
43.6534742,-79.3684001,2013-06-24 08:33,2013-06-24 12:37,cancelled,false,false
43.6654487,-79.4687696,2013-06-24 09:47,2013-06-24 13:50,complete,false,false
43.6551477,-79.4821054,2013-06-24 15:09,2013-06-25 11:05,finding,false,false
43.701215,-79.404289,2013-06-24 16:26,2013-06-24 20:26,complete,true,false
43.689495,-79.414472,2013-06-25 01:50,2013-06-25 05:50,cancelled,true,false
43.717014,-79.3932238,2013-06-25 01:58,2013-06-25 09:00,finding,false,false
43.6714962,-79.3798893,2013-06-25 07:28,2013-06-25 11:45,finding,false,false
43.6684244,-79.383016,2013-06-25 07:46,2013-06-25 12:47,finding,false,false
43.671997,-79.395627,2013-06-25 08:04,2013-06-25 12:03,cancelled,true,false
